Timestamp,SessionID,WeaponType,AttackingAbilities,DefenseAbilities,Level
11/3/2025 21:15:17,LOCAL_638978013172864025,Pistol,ClusterBomb,Invincible Dash,
11/3/2025 22:42:48,LOCAL_638978065637227979,Pistol,ClusterBomb,Invincible Dash,
11/4/2025 0:02:05,LOCAL_638978113227325035,Pistol,ClusterBomb,Pause,
11/4/2025 0:10:23,LOCAL_638978118209523243,Pistol,ClusterBomb,Pause,
11/4/2025 0:10:53,LOCAL_638978118509212650,Pistol,ClusterBomb,Pause,
11/4/2025 0:12:15,LOCAL_638978119324727334,Pistol,ClusterBomb,Pause,
11/4/2025 0:12:39,LOCAL_638978119573287955,Pistol,ClusterBomb,Pause,
11/4/2025 0:14:13,LOCAL_638978120509216503,Pistol,ClusterBomb,Pause,
11/4/2025 0:16:25,LOCAL_638978121837207308,Pistol,ClusterBomb,Pause,
11/4/2025 0:17:19,LOCAL_638978122369248355,Pistol,ClusterBomb,Pause,
11/4/2025 0:18:17,LOCAL_638978122957253738,Pistol,ClusterBomb,Pause,
11/4/2025 0:24:34,LOCAL_638978126721864577,Pistol,ClusterBomb,Pause,
11/4/2025 0:46:14,LOCAL_638978139718952486,Pistol,ClusterBomb,Pause,
11/4/2025 0:47:24,LOCAL_638978140415528826,Pistol,ClusterBomb,Pause,
11/4/2025 0:53:51,LOCAL_638978144295395234,Pistol,ClusterBomb,Pause,
11/4/2025 0:54:44,LOCAL_638978144818115550,Pistol,ClusterBomb,Pause,
11/4/2025 0:55:14,LOCAL_638978145118233683,Pistol,ClusterBomb,Pause,
11/4/2025 0:55:46,LOCAL_638978145447457506,Pistol,ClusterBomb,Pause,
11/4/2025 0:57:34,LOCAL_638978146526531850,Pistol,ClusterBomb,Pause,
11/4/2025 0:57:49,LOCAL_638978146670538569,Pistol,ClusterBomb,Pause,
11/4/2025 0:58:25,LOCAL_638978147034953369,Pistol,ClusterBomb,Pause,
11/4/2025 1:01:45,LOCAL_638978149034107430,Pistol,ClusterBomb,Pause,
11/4/2025 1:02:12,LOCAL_638978149299649692,Pistol,ClusterBomb,Pause,
11/4/2025 1:02:31,LOCAL_638978149490227596,Pistol,ClusterBomb,Pause,
11/4/2025 1:03:24,LOCAL_638978150018810880,Pistol,ClusterBomb,Pause,
11/4/2025 1:03:54,LOCAL_638978150316765391,Pistol,ClusterBomb,Pause,
11/4/2025 1:05:42,LOCAL_638978151400903551,Pistol,ClusterBomb,Pause,
11/4/2025 1:06:57,LOCAL_638978152151368795,Pistol,ClusterBomb,Pause,
11/4/2025 1:07:24,LOCAL_638978152421630490,Pistol,ClusterBomb,Pause,
11/4/2025 1:10:37,LOCAL_638978154346638622,Pistol,ClusterBomb,Pause,
11/4/2025 1:11:47,LOCAL_638978155049961443,Pistol,ClusterBomb,Pause,
11/4/2025 1:12:33,LOCAL_638978155518367977,Pistol,ClusterBomb,Pause,
11/4/2025 1:15:31,LOCAL_638978157297336061,Pistol,ClusterBomb,Pause,
11/4/2025 1:16:06,LOCAL_638978157640597891,Pistol,ClusterBomb,Pause,
11/4/2025 1:18:34,LOCAL_638978159118816123,Pistol,ClusterBomb,Pause,
11/4/2025 1:19:03,LOCAL_638978159408790137,Pistol,ClusterBomb,Pause,
11/4/2025 1:19:46,LOCAL_638978159842494112,Pistol,ClusterBomb,Pause,
11/4/2025 1:23:46,LOCAL_638978162238811338,Pistol,ClusterBomb,Pause,
11/4/2025 1:31:25,LOCAL_638978166828372087,Pistol,ClusterBomb,Pause,
11/4/2025 1:36:59,LOCAL_638978170165984744,Pistol,ClusterBomb,Pause,
11/4/2025 1:38:07,LOCAL_638978170855861203,Pistol,ClusterBomb,Pause,
11/4/2025 1:39:52,LOCAL_638978171898396497,Pistol,ClusterBomb,Pause,
11/4/2025 1:40:16,LOCAL_638978172137845963,Pistol,ClusterBomb,Pause,
11/4/2025 1:40:29,LOCAL_638978172272830818,Pistol,ClusterBomb,Pause,
11/4/2025 1:41:07,LOCAL_638978172649015461,Pistol,ClusterBomb,Pause,
11/4/2025 1:42:36,LOCAL_638978173537412828,Rifle,ClusterBomb,Pause,
11/4/2025 1:52:25,LOCAL_638978179425170014,Pistol,ClusterBomb,Pause,
11/4/2025 1:52:58,LOCAL_638978179766139075,Pistol,ClusterBomb,Pause,
11/4/2025 1:57:34,LOCAL_638978182524155683,Pistol,ClusterBomb,Pause,
11/4/2025 2:00:33,LOCAL_638978184307070355,Pistol,ClusterBomb,Pause,
11/4/2025 2:02:01,LOCAL_638978185187988461,Pistol,ClusterBomb,Pause,
11/4/2025 2:07:42,LOCAL_638978188601777344,Pistol,ClusterBomb,Pause,
11/4/2025 2:08:34,LOCAL_638978189128075555,Pistol,ClusterBomb,Pause,
11/4/2025 2:09:29,LOCAL_638978189667495946,Pistol,ClusterBomb,Pause,
11/4/2025 2:13:20,LOCAL_638978191978638073,Pistol,ClusterBomb,Pause,
11/4/2025 2:13:42,LOCAL_638978192201003782,Pistol,ClusterBomb,Pause,
11/4/2025 2:15:24,LOCAL_638978193217794541,Pistol,ClusterBomb,Pause,
11/4/2025 2:16:41,LOCAL_638978193991636094,Pistol,ClusterBomb,Pause,
11/4/2025 2:17:35,LOCAL_638978194529958537,Pistol,ClusterBomb,Pause,
11/4/2025 2:20:07,LOCAL_638978196046167744,Pistol,ClusterBomb,Pause,
11/4/2025 2:22:34,LOCAL_638978197515618064,Pistol,ClusterBomb,Pause,
11/4/2025 2:26:42,LOCAL_638978200001166764,Pistol,ClusterBomb,Pause,
11/4/2025 2:27:45,LOCAL_638978200632759499,Pistol,ClusterBomb,Pause,
11/4/2025 2:28:24,LOCAL_638978201019990758,Pistol,ClusterBomb,Pause,
11/4/2025 2:34:38,LOCAL_638978204762175976,Pistol,ClusterBomb,Pause,
11/4/2025 2:35:07,LOCAL_638978205054369511,Pistol,ClusterBomb,Pause,
11/4/2025 2:36:30,LOCAL_638978205880568689,Pistol,ClusterBomb,Pause,
11/4/2025 2:37:16,LOCAL_638978206347172583,Pistol,ClusterBomb,Pause,
11/4/2025 2:38:48,LOCAL_638978207259410726,Pistol,ClusterBomb,Pause,
11/4/2025 2:39:15,LOCAL_638978207536654553,Pistol,ClusterBomb,Pause,
11/4/2025 2:45:05,LOCAL_638978211029503367,Pistol,ClusterBomb,Pause,
11/4/2025 2:45:23,LOCAL_638978211200792121,Pistol,ClusterBomb,Pause,
11/4/2025 2:46:08,LOCAL_638978211657493907,Pistol,ClusterBomb,Pause,
11/4/2025 2:46:38,LOCAL_638978211961645062,Pistol,ClusterBomb,Pause,
11/4/2025 3:02:26,LOCAL_638978221440617608,Pistol,ClusterBomb,Pause,
11/4/2025 3:03:01,LOCAL_638978221787755925,Pistol,ClusterBomb,Pause,
11/4/2025 4:40:34,LOCAL_638978280321127008,Pistol,ClusterBomb,Pause,
11/4/2025 5:04:15,LOCAL_638978294524920960,Shotgun,ClusterBomb,Pause,
11/4/2025 5:06:12,LOCAL_638978295700371146,Shotgun,ClusterBomb,Pause,
11/4/2025 5:08:59,LOCAL_638978297364195213,Shotgun,ClusterBomb,Pause,
11/4/2025 5:09:52,LOCAL_638978297898025034,Shotgun,ClusterBomb,Pause,
11/4/2025 5:12:09,LOCAL_638978299265273109,Pistol,ClusterBomb,Pause,
11/4/2025 5:12:24,LOCAL_638978299420747175,Shotgun,ClusterBomb,Pause,
11/4/2025 5:12:35,LOCAL_638978299533384505,Shotgun,ClusterBomb,Invincible Dash,
11/4/2025 5:14:11,LOCAL_638978300491396507,Shotgun,ClusterBomb,Invincible Dash,
11/4/2025 5:17:34,LOCAL_638978302518867263,Shotgun,ClusterBomb,Invincible Dash,
11/4/2025 5:22:28,LOCAL_638978305454000959,Ak-47,ClusterBomb,Pause,
11/4/2025 5:29:48,LOCAL_638978309861876172,Ak-47,ClusterBomb,Invincible Dash,
11/4/2025 5:39:06,LOCAL_638978315435321487,Rifle,ClusterBomb,Pause,
11/4/2025 5:42:10,LOCAL_638978317281285977,Rifle,ClusterBomb,Invincible Dash,
11/4/2025 5:42:29,LOCAL_638978317467813713,Pistol,ClusterBomb,Invincible Dash,
11/4/2025 5:44:34,LOCAL_638978318721203232,Pistol,ClusterBomb,Invincible Dash,
11/4/2025 5:48:55,LOCAL_638978321319144558,Rifle,ClusterBomb,Invincible Dash,
11/4/2025 5:51:24,LOCAL_638978322820790829,Rifle,ClusterBomb,Invincible Dash,
11/4/2025 5:53:01,LOCAL_638978323789918264,Rifle,ClusterBomb,Invincible Dash,
11/4/2025 5:54:29,LOCAL_638978324667057781,Rifle,ClusterBomb,Invincible Dash,
11/4/2025 5:58:25,LOCAL_638978327029476936,Pistol,ClusterBomb,Invincible Dash,
11/4/2025 5:59:00,LOCAL_638978327383352421,Shotgun,ClusterBomb,Invincible Dash,
11/4/2025 6:02:49,LOCAL_638978329670694908,Shotgun,ClusterBomb,Invincible Dash,
11/4/2025 6:03:20,LOCAL_638978329976256114,Shotgun,ClusterBomb,Invincible Dash,
11/4/2025 6:04:00,LOCAL_638978330375171754,Rifle,ClusterBomb,Invincible Dash,
11/4/2025 6:04:22,LOCAL_638978330602283246,Rifle,ClusterBomb,Invincible Dash,
11/4/2025 6:05:27,LOCAL_638978331248367893,Rifle,ClusterBomb,Invincible Dash,
11/4/2025 6:07:07,LOCAL_638978332243613351,Rifle,ClusterBomb,Invincible Dash,
11/4/2025 6:11:02,LOCAL_638978334592977995,Rifle,ClusterBomb,Invincible Dash,
11/4/2025 6:14:28,LOCAL_638978336661527062,Pistol,ClusterBomb,Invincible Dash,
11/4/2025 6:17:40,LOCAL_638978338574708098,Rifle,ClusterBomb,Invincible Dash,
11/4/2025 6:17:51,LOCAL_638978338695204909,Rifle,ClusterBomb,Invincible Dash,
11/4/2025 6:18:26,LOCAL_638978339039236367,Rifle,ClusterBomb,Invincible Dash,
11/4/2025 6:19:43,LOCAL_638978339805059147,Pistol,ClusterBomb,Invincible Dash,
11/4/2025 6:20:11,LOCAL_638978340089629997,Pistol,ClusterBomb,Invincible Dash,
11/4/2025 6:24:01,LOCAL_638978342386144359,Pistol,ClusterBomb,Invincible Dash,
11/4/2025 6:24:52,LOCAL_638978342903103991,Rifle,ClusterBomb,Invincible Dash,
11/4/2025 6:32:50,LOCAL_638978347679385303,Rifle,ClusterBomb,Pause,
11/4/2025 6:34:54,LOCAL_638978348893543548,Rifle,ClusterBomb,Pause,
11/4/2025 6:35:44,LOCAL_638978349424655183,Rifle,ClusterBomb,Pause,
11/4/2025 6:42:57,LOCAL_638978353742230727,Pistol,ClusterBomb,Pause,
11/4/2025 7:02:32,LOCAL_638978365490971204,Rifle,ClusterBomb,Pause,
11/4/2025 7:03:42,LOCAL_638978366202454926,Pistol,ClusterBomb,Pause,
11/4/2025 7:05:53,LOCAL_638978367510530100,Pistol,ClusterBomb,Pause,
11/4/2025 7:07:37,LOCAL_638978368552309614,Pistol,ClusterBomb,Pause,
11/4/2025 7:08:54,LOCAL_638978369319050477,Pistol,ClusterBomb,Pause,
11/4/2025 7:09:53,LOCAL_638978369907284334,Pistol,ClusterBomb,Pause,
11/4/2025 7:10:17,LOCAL_638978370146313069,Pistol,ClusterBomb,Pause,
11/4/2025 7:11:06,LOCAL_638978370639097607,Pistol,ClusterBomb,Pause,
11/4/2025 7:13:30,LOCAL_638978372082720192,Pistol,ClusterBomb,Pause,
11/4/2025 7:15:13,LOCAL_638978373114536947,Pistol,ClusterBomb,Pause,
11/4/2025 7:20:45,LOCAL_638978376427043454,Pistol,ClusterBomb,Pause,
11/4/2025 7:21:43,LOCAL_638978377012628931,Pistol,ClusterBomb,Pause,
11/4/2025 7:22:14,LOCAL_638978377315027616,Pistol,ClusterBomb,Pause,
11/4/2025 7:22:35,LOCAL_638978377530102227,Pistol,ClusterBomb,Pause,
11/4/2025 7:23:41,LOCAL_638978378186813825,Pistol,ClusterBomb,Invincible Dash,
11/4/2025 7:25:01,LOCAL_638978378992888289,Pistol,ClusterBomb,Pause,
11/4/2025 7:45:42,LOCAL_638978391397759630,Sword,ClusterBomb,Pause,
11/4/2025 7:47:43,LOCAL_638978392602457053,Sword,ClusterBomb,Pause,
11/4/2025 7:48:14,LOCAL_638978392923152094,Sword,ClusterBomb,Pause,
11/4/2025 8:02:02,LOCAL_638978401197240394,Pistol,ClusterBomb,Pause,
11/4/2025 8:03:28,LOCAL_638978402057865486,Sword,ClusterBomb,Pause,
11/4/2025 8:04:16,LOCAL_638978402538946604,Sword,ClusterBomb,Pause,
11/4/2025 8:08:33,LOCAL_638978405109471127,Sword,ClusterBomb,Pause,
11/4/2025 8:09:27,LOCAL_638978405640853429,Sword,ClusterBomb,Pause,
11/4/2025 8:10:06,LOCAL_638978406034655157,Sword,ClusterBomb,Pause,
11/4/2025 8:13:20,LOCAL_638978407963816811,Sword,ClusterBomb,Pause,
11/4/2025 8:14:31,LOCAL_638978408690807053,Sword,ClusterBomb,Pause,
11/4/2025 8:34:20,LOCAL_638978420578335384,Sword,ClusterBomb,Pause,
11/4/2025 8:35:08,LOCAL_638978421055091298,Sword,ClusterBomb,Pause,
11/4/2025 8:35:50,LOCAL_638978421475997909,Sword,ClusterBomb,Pause,
11/4/2025 8:36:35,LOCAL_638978421929208584,Sword,ClusterBomb,Pause,
11/4/2025 8:37:09,LOCAL_638978422259916042,Sword,ClusterBomb,Pause,
11/4/2025 8:37:54,LOCAL_638978422724281442,Sword,ClusterBomb,Pause,
11/4/2025 8:38:56,LOCAL_638978423336095020,Sword,ClusterBomb,Pause,
11/4/2025 8:39:34,LOCAL_638978423724861821,Sword,ClusterBomb,Pause,
11/4/2025 8:42:06,LOCAL_638978425239473292,Sword,ClusterBomb,Pause,
11/4/2025 8:48:59,LOCAL_638978429362753582,Sword,ClusterBomb,Pause,
11/4/2025 8:51:40,LOCAL_638978430979484645,Sword,ClusterBomb,Pause,
11/4/2025 8:53:18,LOCAL_638978431961435448,Sword,ClusterBomb,Pause,
11/4/2025 9:02:34,LOCAL_638978437512529277,Sword,ClusterBomb,Pause,
11/4/2025 9:03:12,LOCAL_638978437899729970,Sword,ClusterBomb,Pause,
11/4/2025 9:11:55,LOCAL_638978443119955757,Sword,ClusterBomb,Pause,
11/4/2025 9:12:35,LOCAL_638978443531892100,Sword,ClusterBomb,Pause,
11/4/2025 9:13:40,LOCAL_638978444177055976,Sword,ClusterBomb,Pause,
11/4/2025 9:15:40,LOCAL_638978445379746938,Sword,ClusterBomb,Invincible Dash,
11/4/2025 9:16:52,LOCAL_638978446101996431,Sword,ClusterBomb,Pause,
11/4/2025 9:17:07,LOCAL_638978446254333946,Sword,ClusterBomb,Invincible Dash,
11/4/2025 9:17:44,LOCAL_638978446618157454,Sword,ClusterBomb,Invincible Dash,
11/4/2025 9:20:09,LOCAL_638978448068481941,Sword,ClusterBomb,Pause,
11/4/2025 9:21:26,LOCAL_638978448832079308,Sword,ClusterBomb,Pause,
11/4/2025 9:22:15,LOCAL_638978449328554010,Sword,ClusterBomb,Pause,
11/4/2025 9:25:09,LOCAL_638978451065789307,Sword,ClusterBomb,Invincible Dash,
11/4/2025 9:27:45,LOCAL_638978452616073678,Sword,ClusterBomb,Invincible Dash,
11/4/2025 13:34:48,LOCAL_638978600875071904,Sword,ClusterBomb,Pause,
11/4/2025 13:38:02,LOCAL_638978602807689996,Sword,ClusterBomb,Pause,
11/4/2025 13:38:15,LOCAL_638978602943814187,Rifle,ClusterBomb,Pause,
11/4/2025 13:47:14,LOCAL_638978608323442030,Sword,ClusterBomb,Pause,
11/4/2025 13:49:29,LOCAL_638978609679288661,Shotgun,ClusterBomb,Invincible Dash,
11/4/2025 13:49:57,LOCAL_638978609954248350,Ak-47,ClusterBomb,Pause,
11/4/2025 13:50:15,LOCAL_638978610139107015,Shotgun,ClusterBomb,Invincible Dash,
11/4/2025 14:16:41,LOCAL_638978625998802660,Pistol,ClusterBomb,Pause,
11/4/2025 14:19:09,LOCAL_638978627475082166,Pistol,ClusterBomb,Pause,
11/4/2025 14:31:59,LOCAL_638978635175290685,Rifle,ClusterBomb,Pause,
11/4/2025 14:32:34,LOCAL_638978635529526821,Sword,ClusterBomb,Invincible Dash,
11/4/2025 14:42:20,LOCAL_638978641387595690,Pistol,ClusterBomb,Pause,
11/4/2025 14:47:09,LOCAL_638978644257362250,Rifle,ClusterBomb,Pause,
11/4/2025 14:48:07,LOCAL_638978644857057140,Sword,ClusterBomb,Pause,
11/4/2025 14:49:19,LOCAL_638978645570469740,Shotgun,ClusterBomb,Pause,
11/4/2025 14:53:38,LOCAL_638978648173770570,Shotgun,ClusterBomb,Pause,
11/4/2025 14:56:47,LOCAL_638978650059833940,Shotgun,ClusterBomb,Pause,
11/4/2025 14:58:08,LOCAL_638978650869750840,Shotgun,ClusterBomb,Pause,
11/4/2025 14:59:08,LOCAL_638978651463184400,Shotgun,ClusterBomb,Pause,
11/4/2025 15:01:42,LOCAL_638978652999549030,Shotgun,ClusterBomb,Pause,
11/4/2025 15:04:06,LOCAL_638978654446939770,Shotgun,ClusterBomb,Pause,
11/4/2025 15:07:26,LOCAL_638978656445633720,Pistol,ClusterBomb,Pause,
11/4/2025 15:16:59,LOCAL_638978662184147084,Ak-47,ClusterBomb,Pause,
11/4/2025 15:21:44,WEB_638978665018560000,Pistol,ClusterBomb,Pause,
11/4/2025 15:22:13,LOCAL_638978665323086710,Rifle,ClusterBomb,Pause,
11/4/2025 15:24:18,WEB_638978666414410000,Pistol,ClusterBomb,Pause,
11/4/2025 15:24:43,WEB_638978666802130000,Pistol,ClusterBomb,Pause,
11/4/2025 15:24:57,WEB_638978666968620000,Rifle,ClusterBomb,Pause,
11/4/2025 15:25:13,WEB_638978667125450000,Pistol,ClusterBomb,Invincible Dash,
11/4/2025 15:25:29,WEB_638978667290730000,Shotgun,ClusterBomb,Pause,
11/4/2025 15:25:45,WEB_638978667440150000,Rifle,ClusterBomb,Pause,
11/4/2025 15:26:18,LOCAL_638978667769505001,Unknown,Unknown,Unknown,
11/4/2025 15:26:35,LOCAL_638978667796228748,Pistol,ClusterBomb,Pause,
11/4/2025 15:28:39,LOCAL_638978669171455836,Pistol,ClusterBomb,Pause,
11/4/2025 15:29:15,LOCAL_638978669542461258,Pistol,ClusterBomb,Pause,
11/4/2025 15:31:27,LOCAL_638978670862839540,Pistol,ClusterBomb,Pause,
11/4/2025 15:31:36,LOCAL_638978670955189707,Pistol,ClusterBomb,Pause,
11/4/2025 15:31:46,LOCAL_638978671032056373,Pistol,ClusterBomb,Pause,
11/4/2025 15:36:18,WEB_638978673764280000,Pistol,ClusterBomb,Pause,
11/4/2025 15:36:23,LOCAL_638978673821111957,Unknown,Unknown,Unknown,
11/4/2025 15:37:03,WEB_638978674219940000,Rifle,ClusterBomb,Invincible Dash,
11/4/2025 15:37:35,WEB_638978674531240000,Pistol,ClusterBomb,Pause,
11/4/2025 15:38:01,LOCAL_638978674805165047,Pistol,ClusterBomb,Pause,
11/4/2025 15:38:13,WEB_638978674878950000,Pistol,ClusterBomb,Pause,
11/4/2025 15:39:20,WEB_638978675581780000,Pistol,ClusterBomb,Pause,
11/4/2025 15:40:27,WEB_LOCAL_638978676119690000,Pistol,ClusterBomb,Pause,
11/4/2025 15:41:43,LOCAL_638978676873430924,Pistol,ClusterBomb,Pause,
11/4/2025 15:42:54,WEB_LOCAL_638978677581580000,Pistol,ClusterBomb,Pause,
11/4/2025 15:43:39,LOCAL_638978678190177142,Rifle,ClusterBomb,Pause,
11/4/2025 15:43:40,LOCAL_638978678052736239,Rifle,ClusterBomb,Invincible Dash,
11/4/2025 15:50:00,LOCAL_638978681991536373,Ak-47,ClusterBomb,Invincible Dash,
11/4/2025 15:51:49,BUILD_638978683076452384,Pistol,ClusterBomb,Pause,
11/4/2025 15:52:35,BUILD_638978683541210374,Pistol,ClusterBomb,Pause,
11/4/2025 15:53:26,LOCAL_638978684052559482,Pistol,ClusterBomb,Pause,
11/4/2025 15:54:33,LOCAL_638978684725675031,Pistol,ClusterBomb,Pause,
11/4/2025 15:54:43,LOCAL_638978684817656663,Pistol,ClusterBomb,Pause,
11/4/2025 16:12:39,WEB_LOCAL_638978695583700000,Pistol,ClusterBomb,Pause,
11/4/2025 16:15:43,LOCAL_638978697408853229,Unknown,Unknown,Unknown,
11/4/2025 16:16:02,WEB_LOCAL_638978697616140000,Pistol,ClusterBomb,Pause,
11/4/2025 16:20:11,WEB_LOCAL_638978700101180000,Pistol,ClusterBomb,Pause,
11/4/2025 16:21:15,LOCAL_638978700745911593,Pistol,ClusterBomb,Pause,
11/4/2025 16:30:57,LOCAL_638978706566443929,Pistol,ClusterBomb,Pause,
11/4/2025 16:31:39,LOCAL_638978706989208693,Pistol,ClusterBomb,Pause,
11/4/2025 16:32:04,LOCAL_638978707237430553,Pistol,ClusterBomb,Pause,
11/4/2025 17:30:36,WEB_LOCAL_638978742324910000,Pistol,ClusterBomb,Pause,
11/4/2025 17:34:37,LOCAL_638978744726799104,Pistol,ClusterBomb,Pause,
11/4/2025 17:37:18,WEB_LOCAL_638978746346020000,Pistol,ClusterBomb,Pause,
11/4/2025 17:43:07,LOCAL_638978749839936132,Pistol,ClusterBomb,Pause,
11/4/2025 19:11:54,WEB_LOCAL_638978803114740000,Pistol,ClusterBomb,Pause,
11/4/2025 19:13:58,LOCAL_638978804355158982,Pistol,ClusterBomb,Invincible Dash,
11/4/2025 19:15:07,LOCAL_638978805051821294,Pistol,ClusterBomb,Pause,
11/4/2025 19:21:46,LOCAL_638978809031192234,Unknown,Unknown,Unknown,
11/4/2025 19:23:20,BUILD_638978809985345482,Pistol,ClusterBomb,Pause,
11/4/2025 19:29:47,LOCAL_638978813844673606,Unknown,Unknown,Unknown,
11/4/2025 19:30:04,LOCAL_638978814027072123,Unknown,Unknown,Unknown,
11/4/2025 19:30:22,LOCAL_638978814208937203,Pistol,ClusterBomb,Pause,
11/4/2025 19:46:19,LOCAL_638978823771833229,Unknown,Unknown,Unknown,
11/4/2025 19:46:46,BUILD_638978824047031253,Pistol,ClusterBomb,Pause,
11/4/2025 19:48:52,LOCAL_638978825297040907,Unknown,Unknown,Unknown,
11/4/2025 19:59:51,BUILD_638978831891191498,Pistol,ClusterBomb,Pause,
11/4/2025 19:59:53,LOCAL_638978831876895131,Pistol,ClusterBomb,Pause,
11/4/2025 20:00:20,LOCAL_638978832181987496,Unknown,Unknown,Unknown,
11/4/2025 20:01:13,LOCAL_638978832714312505,Unknown,Unknown,Unknown,
11/4/2025 20:02:03,LOCAL_638978833224745006,Pistol,ClusterBomb,Pause,
11/4/2025 20:04:18,LOCAL_638978834555692074,Pistol,ClusterBomb,Pause,
11/4/2025 20:04:33,LOCAL_638978834683084762,Unknown,Unknown,Unknown,
11/4/2025 20:08:22,LOCAL_638978837009594090,Pistol,ClusterBomb,Pause,
11/4/2025 20:09:10,BUILD_638978837481721470,Pistol,ClusterBomb,Pause,
11/4/2025 20:09:49,BUILD_638978837870094514,Pistol,ClusterBomb,Pause,
11/4/2025 20:11:36,LOCAL_638978838949945244,Pistol,ClusterBomb,Pause,
11/4/2025 20:12:08,BUILD_638978839260877047,Pistol,ClusterBomb,Pause,
11/4/2025 20:19:47,LOCAL_638978843851409449,Pistol,ClusterBomb,Pause,
11/4/2025 20:20:22,BUILD_638978844211215545,Pistol,ClusterBomb,Pause,
11/4/2025 20:20:58,LOCAL_638978844557901723,Unknown,Unknown,Unknown,
11/4/2025 20:21:20,BUILD_638978844786630437,Pistol,ClusterBomb,Pause,
11/4/2025 20:21:49,LOCAL_638978845048983417,Unknown,Unknown,Unknown,
11/4/2025 20:22:36,LOCAL_638978845525586313,Unknown,Unknown,Unknown,
11/4/2025 20:23:19,LOCAL_638978845970657773,Unknown,Unknown,Unknown,
11/4/2025 20:23:38,LOCAL_638978846168468693,Unknown,Unknown,Unknown,
11/4/2025 20:28:01,LOCAL_638978848784580432,Unknown,Unknown,Unknown,
11/4/2025 20:28:09,LOCAL_638978848871689083,Unknown,Unknown,Unknown,
11/4/2025 20:28:32,BUILD_638978849103765402,Pistol,ClusterBomb,Pause,
11/4/2025 20:28:50,BUILD_638978849287716311,Pistol,ClusterBomb,Pause,
11/4/2025 20:31:32,LOCAL_638978850896829373,Unknown,Unknown,Unknown,
11/4/2025 20:32:02,BUILD_638978851202308884,Pistol,ClusterBomb,Pause,
11/4/2025 20:45:24,LOCAL_638978859218959574,Unknown,Unknown,Unknown,
11/4/2025 20:46:06,LOCAL_638978859640205594,Unknown,Unknown,Unknown,
11/4/2025 20:59:58,LOCAL_638978867937658313,Unknown,Unknown,Unknown,
11/4/2025 21:01:45,LOCAL_638978869019345293,Unknown,Unknown,Unknown,
11/4/2025 21:03:42,LOCAL_638978870209545324,Unknown,Unknown,Unknown,
11/4/2025 21:04:39,BUILD_638978870776305934,Pistol,ClusterBomb,Pause,
11/4/2025 21:10:38,LOCAL_638978874368323232,Unknown,Unknown,Unknown,
11/4/2025 21:10:54,BUILD_638978874533756371,Pistol,ClusterBomb,Pause,
11/4/2025 21:11:13,LOCAL_638978874709819141,Unknown,Unknown,Unknown,
11/4/2025 21:11:34,LOCAL_638978874929935510,Unknown,Unknown,Unknown,
11/4/2025 21:12:31,LOCAL_638978875504367899,Unknown,Unknown,Unknown,
11/4/2025 21:13:16,LOCAL_638978875947632847,Unknown,Unknown,Unknown,
11/4/2025 21:13:27,LOCAL_638978876044613644,Unknown,Unknown,Unknown,
11/4/2025 21:15:19,BUILD_638978877170633531,Pistol,ClusterBomb,Pause,
11/4/2025 21:15:54,LOCAL_638978877513077673,Unknown,Unknown,Unknown,
11/4/2025 21:20:46,LOCAL_638978880446665549,Unknown,Unknown,Unknown,
11/4/2025 21:23:18,LOCAL_638978881957436692,Unknown,Unknown,Unknown,
11/4/2025 21:23:50,LOCAL_638978882283533784,Unknown,Unknown,Unknown,
11/4/2025 21:24:47,LOCAL_638978882843205813,Unknown,Unknown,Unknown,
11/4/2025 21:26:20,LOCAL_638978883597521307,Unknown,Unknown,Unknown,
11/4/2025 21:26:35,LOCAL_638978883920215848,Unknown,Unknown,Unknown,
11/4/2025 21:29:27,LOCAL_638978885651055102,Unknown,Unknown,Unknown,
11/4/2025 21:30:06,LOCAL_638978886034376670,Unknown,Unknown,Unknown,
11/4/2025 21:35:51,LOCAL_638978889488934432,Unknown,Unknown,Unknown,
11/4/2025 21:36:09,LOCAL_638978889671669282,Unknown,Unknown,Unknown,
11/4/2025 21:37:02,LOCAL_638978890206313242,Unknown,Unknown,Unknown,
11/4/2025 21:37:38,LOCAL_638978890565200375,Unknown,Unknown,Unknown,
11/4/2025 21:37:40,BUILD_638978890582485963,Pistol,ClusterBomb,Pause,
11/4/2025 21:40:31,LOCAL_638978892298610161,Unknown,Unknown,Unknown,
11/4/2025 21:40:55,LOCAL_638978892537576888,Unknown,Unknown,Unknown,
11/4/2025 21:42:36,LOCAL_638978893542923094,Unknown,Unknown,Unknown,
11/4/2025 21:44:32,BUILD_638978894709994518,Pistol,ClusterBomb,Pause,
11/4/2025 21:49:20,LOCAL_638978897588922706,Unknown,Unknown,Unknown,
11/4/2025 21:52:13,BUILD_638978899323517303,Pistol,ClusterBomb,Pause,
11/4/2025 21:55:25,BUILD_638978901239944209,Pistol,ClusterBomb,Pause,
11/4/2025 21:58:10,LOCAL_638978902890222313,Unknown,Unknown,Unknown,
11/4/2025 21:58:35,BUILD_638978903138847759,Pistol,ClusterBomb,Pause,
11/4/2025 22:01:03,BUILD_638978904624956218,Pistol,ClusterBomb,Pause,
11/4/2025 22:46:02,LOCAL_638978931610740782,Unknown,Unknown,Unknown,
11/4/2025 22:46:50,LOCAL_638978932079160038,Unknown,Unknown,Unknown,
11/4/2025 22:49:55,LOCAL_638978933934883650,Unknown,Unknown,Unknown,
11/4/2025 22:50:29,LOCAL_638978934277724165,Unknown,Unknown,Unknown,
11/4/2025 22:51:41,LOCAL_638978934994220633,Unknown,Unknown,Unknown,
11/4/2025 22:52:14,LOCAL_638978935333573963,Unknown,Unknown,Unknown,
11/4/2025 23:00:52,LOCAL_638978940501298293,Unknown,Unknown,Unknown,
11/4/2025 23:01:33,LOCAL_638978940918208963,Unknown,Unknown,Unknown,
11/4/2025 23:02:27,LOCAL_638978941463654874,Unknown,Unknown,Unknown,
11/4/2025 23:03:48,LOCAL_638978942269563581,Unknown,Unknown,Unknown,
11/4/2025 23:06:26,LOCAL_638978943846923137,Unknown,Unknown,Unknown,
11/4/2025 23:07:43,LOCAL_638978944622803706,Unknown,Unknown,Unknown,
11/4/2025 23:08:45,LOCAL_638978945228754240,Unknown,Unknown,Unknown,
11/4/2025 23:09:15,LOCAL_638978945529657312,Unknown,Unknown,Unknown,
11/4/2025 23:09:41,LOCAL_638978945788321581,Unknown,Unknown,Unknown,
11/5/2025 1:46:55,LOCAL_638979040165228712,Pistol,ClusterBomb,Pause,
11/5/2025 1:47:17,LOCAL_638979040380959427,Pistol,ClusterBomb,Pause,
11/5/2025 1:48:15,LOCAL_638979040961153743,Rifle,ClusterBomb,Pause,
11/5/2025 1:49:42,LOCAL_638979041829545272,Pistol,ClusterBomb,Invincible Dash,
11/5/2025 1:50:06,LOCAL_638979042066752340,Pistol,ClusterBomb,Pause,
11/5/2025 1:50:32,LOCAL_638979042296452253,Pistol,ClusterBomb,Pause,
11/5/2025 1:51:24,LOCAL_638979042850332540,Pistol,ClusterBomb,Pause,
11/5/2025 1:54:07,LOCAL_638979044453184678,Unknown,Unknown,Unknown,
11/5/2025 1:54:20,LOCAL_638979044613318272,Pistol,ClusterBomb,Pause,
11/5/2025 1:55:33,LOCAL_638979045343624991,Rifle,ClusterBomb,Pause,
11/5/2025 1:57:27,LOCAL_638979046464433115,Unknown,Unknown,Unknown,
11/5/2025 1:59:33,LOCAL_638979047728903928,Unknown,Unknown,Unknown,
11/5/2025 1:59:39,LOCAL_638979047799824081,Ak-47,ClusterBomb,Pause,
11/5/2025 2:02:22,WEB_LOCAL_638979049415940000,Pistol,ClusterBomb,Pause,
11/5/2025 2:06:29,LOCAL_638979051899071616,Shotgun,ClusterBomb,Pause,
11/5/2025 2:09:53,LOCAL_638979053944992782,Shotgun,ClusterBomb,Pause,
11/5/2025 2:11:11,LOCAL_638979054718013607,Pistol,ClusterBomb,Pause,
11/5/2025 2:14:17,LOCAL_638979056581347335,Shotgun,ClusterBomb,Pause,
11/5/2025 2:16:48,LOCAL_638979058093932792,Shotgun,ClusterBomb,Pause,
11/5/2025 2:18:09,LOCAL_638979058900675302,Shotgun,ClusterBomb,Pause,
11/5/2025 2:18:43,LOCAL_638979059242009649,Shotgun,ClusterBomb,Pause,
11/5/2025 3:21:03,LOCAL_638979096646550799,Pistol,ClusterBomb,Pause,
11/5/2025 3:22:55,LOCAL_638979097765421445,Shotgun,ClusterBomb,Pause,
11/5/2025 13:26:13,LOCAL_638979459726267027,Pistol,ClusterBomb,Pause,
11/5/2025 14:20:47,LOCAL_638979492478839221,Pistol,ClusterBomb,Pause,
11/5/2025 14:30:22,LOCAL_638979493245761439,Unknown,Unknown,Unknown,
11/5/2025 15:04:13,LOCAL_638979518544756977,Pistol,ClusterBomb,Pause,
11/5/2025 20:11:18,LOCAL_638979702776530702,Unknown,Unknown,Unknown,
11/5/2025 20:11:51,LOCAL_638979703106282835,Unknown,Unknown,Unknown,
11/5/2025 20:27:02,LOCAL_638979712209084833,Unknown,Unknown,Unknown,
11/5/2025 20:27:18,LOCAL_638979712377538779,Unknown,Unknown,Unknown,
11/5/2025 20:39:06,LOCAL_638979719218167323,Unknown,Unknown,Unknown,
11/5/2025 20:42:47,LOCAL_638979721661438341,Unknown,Unknown,Unknown,
11/5/2025 20:56:17,LOCAL_638979729752869051,Unknown,Unknown,Unknown,
11/5/2025 20:58:09,LOCAL_638979730882458678,Unknown,Unknown,Unknown,
11/5/2025 21:29:55,LOCAL_638979749975610655,Pistol,ClusterBomb,Pause,
11/5/2025 21:34:43,LOCAL_638979752851506192,Pistol,ClusterBomb,Pause,
11/12/2025 20:45:31,LOCAL_638985771294981040,Pistol,ClusterBomb,Pause,
11/13/2025 9:29:07,LOCAL_638986229453940960,Pistol,ClusterBomb,Pause,
11/13/2025 9:31:15,LOCAL_638986230729812120,Pistol,ClusterBomb,Pause,
11/13/2025 9:32:09,LOCAL_638986231276622090,Pistol,ClusterBomb,Pause,
11/13/2025 9:57:02,LOCAL_638986246206768550,Pistol,ClusterBomb,Pause,
11/13/2025 10:00:05,LOCAL_638986248023489980,Pistol,ClusterBomb,Pause,
11/13/2025 10:03:25,LOCAL_638986250037759860,Pistol,ClusterBomb,Pause,
11/13/2025 10:04:51,LOCAL_638986250898994840,Pistol,ClusterBomb,Pause,
11/17/2025 21:27:29,LOCAL_638990116454953886,Sword,ClusterBomb,Pause,1
11/17/2025 21:28:10,LOCAL_638990116860460297,Uzi,ClusterBomb,Pause,1
11/17/2025 21:28:15,LOCAL_638990116913571068,Uzi,ClusterBomb,Pause,1
11/17/2025 21:28:29,LOCAL_638990117048188958,Pistol,ClusterBomb,Pause,1
11/17/2025 21:28:38,LOCAL_638990117142676335,Rifle,ClusterBomb,Pause,1
11/17/2025 21:28:40,LOCAL_638990117164163865,Rifle,ClusterBomb,Pause,1
11/17/2025 21:28:48,LOCAL_638990117247821621,Shotgun,ClusterBomb,Pause,1
11/17/2025 21:29:00,LOCAL_638990117367586389,Sword,ClusterBomb,Invincible Dash,1
11/17/2025 21:33:48,LOCAL_638990120241529791,Pistol,ClusterBomb,Pause,1
11/17/2025 21:34:56,LOCAL_638990120974937888,Sword,ClusterBomb,Pause,1
11/17/2025 22:02:28,LOCAL_638990137496208154,Sword,ClusterBomb,Pause,1
11/17/2025 22:08:40,LOCAL_638990141208434916,Sword,ClusterBomb,Pause,2
11/17/2025 22:11:02,LOCAL_638990142638683033,Sword,ClusterBomb,Pause,1
11/17/2025 22:23:55,LOCAL_638990150322569979,Sword,ClusterBomb,Pause,1
11/17/2025 22:24:19,LOCAL_638990150559928403,Sword,ClusterBomb,Pause,1
11/17/2025 22:24:48,LOCAL_638990150852393181,Sword,ClusterBomb,Pause,2
11/17/2025 22:25:42,LOCAL_638990151396500702,Sword,ClusterBomb,Pause,2
11/17/2025 22:32:39,LOCAL_638990155555417196,Sword,ClusterBomb,Pause,1
11/17/2025 22:34:15,LOCAL_638990156517370887,Sword,ClusterBomb,Pause,2
11/17/2025 22:54:32,LOCAL_638990168693727586,Sword,ClusterBomb,Pause,2
11/17/2025 23:25:49,LOCAL_638990187487094976,Pistol,ClusterBomb,Pause,1
11/17/2025 23:46:14,LOCAL_638990199732500466,Sword,ClusterBomb,Pause,1
11/17/2025 23:54:40,LOCAL_638990204796728975,Sword,ClusterBomb,Pause,1
11/17/2025 23:56:53,LOCAL_638990206124793162,Sword,ClusterBomb,Pause,1
11/17/2025 23:58:43,LOCAL_638990207227462316,Sword,ClusterBomb,Pause,1
11/18/2025 1:11:20,LOCAL_638990250803554525,Sword,ClusterBomb,Pause,1
11/18/2025 1:11:42,LOCAL_638990251020808514,Sword,ClusterBomb,Pause,1
11/18/2025 1:12:24,LOCAL_638990251442887593,Sword,ClusterBomb,Pause,1
11/18/2025 1:12:53,LOCAL_638990251728856949,Pistol,ClusterBomb,Pause,1
11/18/2025 1:14:11,LOCAL_638990252510727901,Sword,ClusterBomb,Pause,1
11/18/2025 1:15:49,LOCAL_638990253490177368,Sword,ClusterBomb,Pause,1
11/18/2025 1:16:16,LOCAL_638990253761460135,Sword,ClusterBomb,Pause,1
11/18/2025 1:18:03,LOCAL_638990254828943748,Sword,ClusterBomb,Pause,1
11/18/2025 1:23:29,LOCAL_638990258083034914,Sword,ClusterBomb,Pause,1
11/18/2025 1:25:05,LOCAL_638990259056140456,Sword,ClusterBomb,Pause,1
11/18/2025 1:28:00,LOCAL_638990260795925455,Sword,ClusterBomb,Pause,1
11/18/2025 1:32:59,LOCAL_638990263794454679,Sword,ClusterBomb,Pause,1
11/18/2025 1:33:45,LOCAL_638990264256384907,Sword,ClusterBomb,Pause,1
11/18/2025 1:35:00,LOCAL_638990264997812707,Sword,ClusterBomb,Pause,1
11/18/2025 2:33:54,LOCAL_638990300337891834,Sword,ClusterBomb,Pause,1
11/18/2025 2:38:12,LOCAL_638990302925145226,Sword,ClusterBomb,Pause,1
11/18/2025 2:43:31,LOCAL_638990306111081156,Sword,ClusterBomb,Pause,1
11/18/2025 2:43:55,LOCAL_638990306354258589,Sword,ClusterBomb,Pause,1
11/18/2025 2:45:26,LOCAL_638990307266063309,Sword,ClusterBomb,Pause,1
11/18/2025 2:51:08,LOCAL_638990310677881954,Sword,ClusterBomb,Pause,1
11/18/2025 3:08:11,LOCAL_638990320915253405,Sword,ClusterBomb,Pause,1
11/18/2025 3:08:39,LOCAL_638990321196288942,Sword,ClusterBomb,Pause,1
11/18/2025 3:15:25,LOCAL_638990325246246979,Sword,ClusterBomb,Pause,1
11/18/2025 3:16:17,LOCAL_638990325769240811,Sword,ClusterBomb,Pause,1
11/18/2025 3:23:13,LOCAL_638990329923690955,Sword,ClusterBomb,Pause,1
11/18/2025 3:33:10,LOCAL_638990335892818371,Sword,ClusterBomb,Pause,1
11/18/2025 5:10:40,LOCAL_638990394392987876,Sword,ClusterBomb,Pause,1
11/18/2025 5:19:21,LOCAL_638990399599234345,Sword,ClusterBomb,Pause,1
11/18/2025 5:20:32,LOCAL_638990400314954221,Sword,ClusterBomb,Pause,1
11/18/2025 5:22:19,LOCAL_638990401383650282,Sword,ClusterBomb,Pause,1
11/18/2025 5:24:51,LOCAL_638990402902437861,Sword,ClusterBomb,Pause,1
11/18/2025 5:30:27,LOCAL_638990406262595639,Sword,ClusterBomb,Pause,2
11/18/2025 5:30:35,LOCAL_638990406337981227,Sword,ClusterBomb,Pause,1
11/18/2025 5:32:40,LOCAL_638990407588704174,Sword,ClusterBomb,Pause,1
11/18/2025 5:38:48,LOCAL_638990411271940613,Sword,ClusterBomb,Pause,1
11/18/2025 5:39:35,LOCAL_638990411739043009,Sword,ClusterBomb,Pause,1
11/18/2025 5:41:49,LOCAL_638990413085905312,Sword,ClusterBomb,Pause,1
11/18/2025 5:52:39,LOCAL_638990419580253139,Sword,ClusterBomb,Pause,1
11/18/2025 6:08:10,LOCAL_638990428886738220,Sword,ClusterBomb,Pause,1
11/18/2025 6:09:37,LOCAL_638990429765109541,Sword,ClusterBomb,Pause,1
11/18/2025 6:13:34,LOCAL_638990432125239853,Sword,ClusterBomb,Pause,1
11/18/2025 6:19:38,LOCAL_638990435766068804,Sword,ClusterBomb,Pause,1
11/18/2025 6:20:32,LOCAL_638990436309710802,Sword,ClusterBomb,Pause,1
11/18/2025 6:25:31,LOCAL_638990439304635630,Sword,ClusterBomb,Pause,1
11/18/2025 6:28:20,LOCAL_638990440985385933,Sword,ClusterBomb,Pause,1
11/18/2025 6:31:31,LOCAL_638990442902216107,Sword,ClusterBomb,Pause,1
11/18/2025 6:37:59,LOCAL_638990446783351131,Sword,ClusterBomb,Pause,1
11/18/2025 6:38:42,LOCAL_638990447209961669,Sword,ClusterBomb,Pause,1
11/18/2025 6:53:52,LOCAL_638990456310911518,Sword,ClusterBomb,Pause,1
11/18/2025 6:57:24,LOCAL_638990458431890408,Sword,ClusterBomb,Pause,1
11/18/2025 6:58:19,LOCAL_638990458982642160,Sword,ClusterBomb,Pause,1
11/18/2025 6:59:09,LOCAL_638990459482962017,Sword,ClusterBomb,Pause,1
11/18/2025 7:00:15,LOCAL_638990460140611914,Sword,ClusterBomb,Pause,1
11/18/2025 7:01:25,LOCAL_638990460839257996,Sword,ClusterBomb,Pause,1
11/18/2025 7:03:29,LOCAL_638990462077582617,Sword,ClusterBomb,Pause,1
11/18/2025 7:04:49,LOCAL_638990462881983422,Sword,ClusterBomb,Pause,1
11/18/2025 7:05:23,LOCAL_638990463217233956,Sword,ClusterBomb,Pause,1
11/18/2025 7:06:49,LOCAL_638990464084092196,Sword,ClusterBomb,Pause,1
11/18/2025 7:08:09,LOCAL_638990464878785830,Sword,ClusterBomb,Pause,1
11/18/2025 7:49:28,LOCAL_638990489670445262,Sword,ClusterBomb,Pause,1
11/18/2025 7:52:33,LOCAL_638990491519047841,Sword,ClusterBomb,Pause,1
11/18/2025 7:53:06,LOCAL_638990491855059756,Sword,ClusterBomb,Pause,1
11/18/2025 7:56:39,LOCAL_638990493980371552,Sword,ClusterBomb,Pause,1
11/18/2025 7:57:46,LOCAL_638990494654265123,Sword,ClusterBomb,Pause,1
11/18/2025 8:03:48,LOCAL_638990498270008354,Sword,ClusterBomb,Pause,1
11/18/2025 8:04:40,LOCAL_638990498794108066,Sword,ClusterBomb,Pause,1
11/18/2025 8:08:19,LOCAL_638990500978021660,Sword,ClusterBomb,Pause,1
11/18/2025 8:09:23,LOCAL_638990501622774732,Rifle,ClusterBomb,Pause,1
11/18/2025 8:10:10,LOCAL_638990502086501784,Rifle,ClusterBomb,Pause,1
11/18/2025 8:11:04,LOCAL_638990502624608529,Sword,ClusterBomb,Pause,1
11/18/2025 8:14:24,LOCAL_638990504626065586,Pistol,ClusterBomb,Pause,1
11/18/2025 8:16:23,LOCAL_638990505820649903,Pistol,ClusterBomb,Pause,1
11/18/2025 8:17:31,LOCAL_638990506500090203,Pistol,ClusterBomb,Pause,1
11/18/2025 8:19:22,LOCAL_638990507612676338,Pistol,ClusterBomb,Pause,1
11/18/2025 8:21:05,LOCAL_638990508643398778,Pistol,ClusterBomb,Pause,1
11/18/2025 8:33:36,WEB_638990516153670000,Uzi,ClusterBomb,Pause,1
11/18/2025 8:42:10,WEB_LOCAL_638990521289960000,Uzi,ClusterBomb,Pause,1
11/18/2025 8:45:11,WEB_LOCAL_638990523097990000,Sword,ClusterBomb,Invincible Dash,2
11/18/2025 12:08:17,WEB_638990644963940000,Pistol,ClusterBomb,Invincible Dash,1
11/18/2025 12:09:42,WEB_638990645821150000,Pistol,ClusterBomb,Invincible Dash,1
11/18/2025 13:04:34,WEB_638990678728220000,Shotgun,ClusterBomb,Invincible Dash,1
11/18/2025 13:05:31,WEB_638990679307010000,Sword,ClusterBomb,Pause,2
11/18/2025 13:05:55,WEB_638990679543090000,Sword,ClusterBomb,Invincible Dash,1
11/18/2025 13:08:18,WEB_638990680976710000,Rifle,ClusterBomb,Invincible Dash,2
11/18/2025 13:08:24,WEB_638990681029240000,Sword,ClusterBomb,Invincible Dash,1
11/18/2025 13:13:02,WEB_638990683814480000,Pistol,ClusterBomb,Invincible Dash,1
11/18/2025 13:13:34,WEB_638990684150690000,Sword,ClusterBomb,Pause,1
11/18/2025 13:16:14,WEB_638990685746330000,Sword,ClusterBomb,Pause,2
11/18/2025 13:18:52,WEB_638990687212920000,Sword,ClusterBomb,Pause,1
11/18/2025 13:22:14,WEB_638990689334750000,Sword,ClusterBomb,Pause,1
11/18/2025 13:23:06,WEB_638990689853150000,Sword,ClusterBomb,Invincible Dash,1
11/18/2025 13:33:12,WEB_638990695913240000,Uzi,ClusterBomb,Pause,1
11/18/2025 13:34:32,WEB_638990696715970000,Uzi,ClusterBomb,Invincible Dash,1
11/18/2025 13:39:16,WEB_638990699561900000,Rifle,ClusterBomb,Pause,2
11/18/2025 13:39:35,WEB_638990699749290000,Uzi,ClusterBomb,Pause,2
11/18/2025 13:40:32,LOCAL_638990700310668828,Rifle,ClusterBomb,Pause,1
11/18/2025 13:40:59,LOCAL_638990700585538682,Rifle,ClusterBomb,Pause,1
11/18/2025 13:42:34,WEB_638990701434520000,Sword,ClusterBomb,Pause,1
11/18/2025 13:43:53,WEB_638990702323270000,Uzi,ClusterBomb,Invincible Dash,1
11/18/2025 13:46:07,WEB_638990703562720000,Sword,ClusterBomb,Pause,1
11/18/2025 13:50:16,WEB_638990706152280000,Sword,ClusterBomb,Invincible Dash,2
11/18/2025 14:36:17,WEB_638990733760540000,Uzi,ClusterBomb,Pause,1
11/18/2025 14:39:06,WEB_638990735451300000,Rifle,ClusterBomb,Pause,2
11/18/2025 14:40:37,WEB_638990736364490000,Uzi,ClusterBomb,Pause,1
11/18/2025 14:47:38,LOCAL_638990740585876911,Sword,ClusterBomb,Pause,1
11/18/2025 14:54:23,WEB_638990744607000000,Sword,ClusterBomb,Pause,1
11/18/2025 14:55:25,WEB_638990745236480000,Sword,ClusterBomb,Pause,1
11/18/2025 15:12:04,WEB_638991331245820000,Sword,ClusterBomb,Pause,1
11/18/2025 15:15:07,WEB_638991333071880000,Sword,ClusterBomb,Pause,1
11/18/2025 15:15:59,WEB_638990757585880000,Shotgun,ClusterBomb,Invincible Dash,1
11/18/2025 15:16:41,WEB_638991334014060000,Sword,ClusterBomb,Invincible Dash,1
11/18/2025 15:24:44,WEB_638990762838460000,Sword,ClusterBomb,Pause,2
11/18/2025 15:34:59,WEB_638991344996740000,Shotgun,ClusterBomb,Pause,1
11/18/2025 15:35:39,WEB_638990769384960000,Rifle,ClusterBomb,Pause,2
11/18/2025 15:36:03,WEB_638990769630520000,Rifle,ClusterBomb,Pause,2
11/18/2025 15:36:15,WEB_638990769752260000,Uzi,ClusterBomb,Pause,2
11/18/2025 15:36:53,WEB_638990770126340000,Sword,ClusterBomb,Pause,1
11/18/2025 15:37:09,WEB_638990770288890000,Sword,ClusterBomb,Pause,1
11/18/2025 15:37:12,WEB_638990770314910000,Uzi,ClusterBomb,Pause,2
11/18/2025 15:37:40,WEB_638990770603140000,Sword,ClusterBomb,Pause,2
11/18/2025 15:40:13,WEB_638990772126030000,Pistol,ClusterBomb,Pause,2
11/18/2025 15:41:40,WEB_638990773003870000,Shotgun,ClusterBomb,Invincible Dash,1
11/18/2025 15:44:14,WEB_638990774541910000,Sword,ClusterBomb,Pause,2
11/18/2025 15:45:29,WEB_638990775284820000,Sword,ClusterBomb,Pause,2
11/18/2025 15:46:32,WEB_638990775917470000,Shotgun,ClusterBomb,Invincible Dash,1
11/18/2025 15:55:54,WEB_638990781536850000,Sword,ClusterBomb,Pause,2
11/18/2025 16:11:49,WEB_638990791100630000,Sword,ClusterBomb,Invincible Dash,2
11/18/2025 16:14:04,WEB_638990792449870000,Sword,ClusterBomb,Pause,2
11/18/2025 16:14:10,WEB_638990792509170000,Sword,ClusterBomb,Invincible Dash,2
11/18/2025 17:12:07,WEB_638990827272100000,Sword,ClusterBomb,Pause,1
11/18/2025 18:04:02,WEB_638990858413890000,Sword,ClusterBomb,Pause,1
11/18/2025 22:12:29,LOCAL_638991007510209441,Sword,ClusterBomb,Pause,1
11/18/2025 23:57:04,LOCAL_638991070253800422,Sword,ClusterBomb,Pause,1
11/19/2025 0:01:44,LOCAL_638991073057298940,Sword,ClusterBomb,Pause,1
11/19/2025 0:04:10,LOCAL_638991074523610792,Sword,ClusterBomb,Pause,2
11/19/2025 0:32:02,LOCAL_638991091245835328,Sword,ClusterBomb,Pause,1
11/19/2025 0:42:00,LOCAL_638991097224089313,Sword,ClusterBomb,Pause,1
11/19/2025 1:08:12,LOCAL_638991112936366343,Sword,ClusterBomb,Pause,1
11/19/2025 1:43:32,LOCAL_638991134140414925,Sword,ClusterBomb,Pause,1
11/19/2025 1:45:25,LOCAL_638991135277145363,Sword,ClusterBomb,Pause,1
11/19/2025 13:58:49,WEB_638991575287940000,Pistol,ClusterBomb,Invincible Dash,1
11/19/2025 15:02:40,WEB_638991613593390000,Sword,ClusterBomb,Pause,2
11/19/2025 15:22:12,WEB_638991625315730000,Sword,ClusterBomb,Pause,1
11/19/2025 15:23:53,WEB_638991626327840000,Sword,ClusterBomb,Pause,1
11/19/2025 15:24:17,WEB_638991626533900000,Uzi,ClusterBomb,Pause,1
11/19/2025 15:29:21,WEB_638991629602910000,Uzi,ClusterBomb,Pause,1
11/19/2025 15:30:41,WEB_638991630410350000,Sword,ClusterBomb,Pause,1
11/19/2025 17:02:09,WEB_638991685281760000,Sword,ClusterBomb,Pause,1
11/19/2025 20:01:21,WEB_638991792800960000,Uzi,ClusterBomb,Pause,1
11/20/2025 0:40:13,WEB_638991960125170000,Pistol,ClusterBomb,Invincible Dash,1
11/20/2025 0:40:40,WEB_638991960396100000,Sword,ClusterBomb,Pause,1
11/20/2025 11:58:34,LOCAL_638992367133110230,Shotgun,ClusterBomb,Pause,2
11/20/2025 12:00:23,LOCAL_638992368221763360,Shotgun,ClusterBomb,Pause,2
11/20/2025 12:01:33,LOCAL_638992368924418350,Uzi,ClusterBomb,Pause,2
11/20/2025 14:11:48,WEB_638992447040160000,Sword,ClusterBomb,Pause,1
11/20/2025 14:12:57,WEB_638992447735320000,Sword,ClusterBomb,Pause,1
11/20/2025 14:17:17,WEB_638992450335460000,Sword,ClusterBomb,Pause,1
11/20/2025 14:20:20,WEB_638992452163190000,Sword,ClusterBomb,Pause,2
11/20/2025 14:22:42,WEB_638992453579150000,Sword,ClusterBomb,Pause,2
11/20/2025 14:23:18,WEB_638992453944540000,Sword,ClusterBomb,Pause,2
11/20/2025 14:28:13,WEB_638992456891180000,Sword,ClusterBomb,Pause,1
11/20/2025 14:29:04,WEB_638992457399500000,Sword,ClusterBomb,Pause,1
11/20/2025 14:59:29,WEB_638992475646740000,Sword,ClusterBomb,Pause,1
11/20/2025 15:01:17,WEB_638992476729190000,Sword,ClusterBomb,Pause,1
11/20/2025 15:04:37,WEB_638992478730010000,Sword,ClusterBomb,Pause,1
11/20/2025 15:06:33,WEB_638992479888810000,Sword,ClusterBomb,Pause,1
11/20/2025 15:08:14,WEB_638992480905450000,Sword,ClusterBomb,Pause,1
11/20/2025 18:52:03,BUILD_638992615223964223,Uzi,ClusterBomb,Pause,1
11/20/2025 19:09:10,LOCAL_638992625489146235,Sword,ClusterBomb,Pause,1
11/20/2025 19:10:37,LOCAL_638992626357938898,Sword,ClusterBomb,Pause,1
11/20/2025 19:13:15,LOCAL_638992627942856903,Pistol,ClusterBomb,Pause,1
11/20/2025 19:19:29,LOCAL_638992631680460518,Sword,ClusterBomb,Pause,1
11/21/2025 13:12:21,LOCAL_638993275387907740,Sword,ClusterBomb,Pause,2
11/21/2025 20:15:19,WEB_638993529193810000,Sword,ClusterBomb,Pause,1
11/21/2025 21:46:09,WEB_638993583681720000,Shotgun,ClusterBomb,Pause,1
11/22/2025 6:10:37,WEB_638993886369600000,Shotgun,ClusterBomb,Pause,1
11/22/2025 15:19:42,LOCAL_638994215811186510,Sword,ClusterBomb,Pause,2
11/22/2025 15:21:22,WEB_638994216814660000,Uzi,ClusterBomb,Invincible Dash,1
11/22/2025 16:13:30,WEB_638994248087260000,Sword,ClusterBomb,Pause,1
11/22/2025 16:14:00,WEB_638994248389870000,Sword,ClusterBomb,Pause,1
11/22/2025 16:15:22,WEB_638994249216680000,Sword,ClusterBomb,Pause,1
11/22/2025 16:16:29,WEB_638994249884840000,Sword,ClusterBomb,Pause,1
11/22/2025 16:26:33,LOCAL_638994255919260380,Sword,ClusterBomb,Pause,2
11/22/2025 16:28:58,LOCAL_638994257375700330,Sword,ClusterBomb,Pause,2
11/22/2025 16:29:36,LOCAL_638994257754685970,Sword,ClusterBomb,Pause,2
11/22/2025 16:30:26,LOCAL_638994258258225960,Sword,ClusterBomb,Pause,2
11/22/2025 16:32:29,LOCAL_638994259482273410,Sword,ClusterBomb,Pause,2
11/22/2025 16:35:49,LOCAL_638994261483235520,Sword,ClusterBomb,Pause,2
11/22/2025 16:37:23,LOCAL_638994262427389580,Sword,ClusterBomb,Pause,2
11/22/2025 16:40:44,LOCAL_638994264432161150,Sword,ClusterBomb,Pause,2
11/22/2025 21:01:55,WEB_638994421140110000,Sword,ClusterBomb,Invincible Dash,1
11/22/2025 21:05:25,WEB_638994423249350000,Sword,ClusterBomb,Invincible Dash,1
11/22/2025 21:05:31,WEB_638994423308790000,Sword,ClusterBomb,Pause,2
11/22/2025 21:42:49,WEB_638994445686140000,Sword,ClusterBomb,Pause,2
11/22/2025 21:44:12,WEB_638994446512130000,Sword,ClusterBomb,Pause,2
11/22/2025 21:47:23,WEB_638994448424730000,Sword,ClusterBomb,Pause,2
11/22/2025 21:55:22,WEB_638994453215420000,Pistol,ClusterBomb,Invincible Dash,1
11/22/2025 21:55:35,WEB_638994453349630000,Pistol,ClusterBomb,Invincible Dash,1
11/22/2025 22:10:19,WEB_638994462188000000,Sword,ClusterBomb,Invincible Dash,1
11/22/2025 22:14:00,WEB_638994536395760000,Sword,ClusterBomb,Pause,1
11/22/2025 22:14:53,WEB_638994464927950000,Rifle,ClusterBomb,Invincible Dash,2
11/23/2025 0:41:48,WEB_638994553074350000,Sword,ClusterBomb,Pause,2
11/23/2025 0:42:18,WEB_638994553376140000,Sword,ClusterBomb,Pause,2
11/23/2025 0:42:53,WEB_638994553725880000,Sword,ClusterBomb,Pause,2
11/23/2025 2:26:38,WEB_638994615959580000,Pistol,ClusterBomb,Pause,1
11/23/2025 10:23:12,LOCAL_638994901912828760,Sword,ClusterBomb,Pause,2
11/23/2025 11:52:48,WEB_638994955671570000,Sword,ClusterBomb,Pause,1
11/23/2025 11:53:14,WEB_638994955940070000,Sword,ClusterBomb,Pause,1
11/23/2025 11:53:33,WEB_638994956127120000,Sword,ClusterBomb,Pause,1
11/23/2025 11:54:16,WEB_638994956559540000,Sword,ClusterBomb,Pause,2
11/23/2025 14:15:20,WEB_638995041183040000,Sword,ClusterBomb,Pause,1
11/23/2025 18:14:39,WEB_638995184783720000,Shotgun,ClusterBomb,Invincible Dash,2
11/23/2025 21:12:17,WEB_638995291359320000,Sword,ClusterBomb,Pause,1
11/24/2025 8:12:40,LOCAL_638995687597136580,Sword,ClusterBomb,Pause,2
11/24/2025 9:06:48,LOCAL_638995720074903950,Uzi,ClusterBomb,Pause,2
11/24/2025 9:08:23,LOCAL_638995721021528510,Uzi,ClusterBomb,Pause,2
11/24/2025 9:08:33,LOCAL_638995721130145980,Sword,ClusterBomb,Pause,2
11/24/2025 9:09:17,LOCAL_638995721565646610,Uzi,ClusterBomb,Pause,2
11/24/2025 9:10:30,LOCAL_638995722296388580,Uzi,ClusterBomb,Pause,2
11/24/2025 9:10:43,LOCAL_638995722423841430,Uzi,ClusterBomb,Pause,2
11/24/2025 9:20:20,LOCAL_638995728197619610,Uzi,ClusterBomb,Pause,2
11/24/2025 11:03:38,LOCAL_638995790176470800,Sword,ClusterBomb,Pause,2
11/24/2025 11:03:44,LOCAL_638995790242271110,Uzi,ClusterBomb,Pause,2
11/24/2025 11:05:41,LOCAL_638995791405386340,Uzi,ClusterBomb,Pause,2
11/24/2025 11:06:32,LOCAL_638995791917807030,Uzi,ClusterBomb,Pause,2
11/24/2025 11:08:49,LOCAL_638995793280005960,Uzi,ClusterBomb,Pause,2