Timestamp,SessionID,Time,Wave,Position,AbilityType
10/21/2025 15:25:47,6.38967E+17,24.13,1,"37.996,-94.412",
10/21/2025 15:25:41,6.38967E+17,17.614,1,"47.102,-103.114",
10/21/2025 15:25:40,6.38967E+17,17.413,1,"47.102,-103.114",
10/21/2025 15:25:40,6.38967E+17,17.23,1,"47.102,-103.114",
10/21/2025 15:25:40,6.38967E+17,17.03,1,"47.083,-103.040",
10/21/2025 15:25:40,6.38967E+17,16.83,1,"47.083,-103.040",
10/21/2025 15:25:40,6.38967E+17,16.597,1,"47.083,-103.040",
10/21/2025 15:25:39,6.38967E+17,16.047,1,"47.083,-103.040",
10/21/2025 15:25:37,6.38967E+17,14.297,1,"47.186,-104.737",
10/21/2025 15:25:26,6.38967E+17,2.515,1,"37.059,-85.127",
10/21/2025 15:20:12,638966568076957574,3.68,1,"35.172,-76.192",
10/21/2025 15:19:39,638966567731105022,4.441,1,"38.669,-76.089",
10/21/2025 15:18:20,638966566918678502,7.893,1,"38.410,-84.093",
10/21/2025 15:17:16,6.38967E+17,30.151,1,"-8.667,-63.474",
10/21/2025 15:17:06,6.38967E+17,9.808,1,"40.400,-97.565",
10/21/2025 15:17:01,6.38967E+17,4.359,1,"42.839,-99.404",
10/21/2025 15:16:56,6.38967E+17,10.225,1,"47.077,-75.489",
10/21/2025 15:15:37,638966565336595970,2.977,1,"38.400,-83.000",
10/21/2025 15:13:55,6.38967E+17,36.521,1,"34.527,-94.104",
10/21/2025 15:13:48,6.38967E+17,28.805,1,"40.672,-79.930",
10/21/2025 15:13:22,6.38967E+17,2.573,1,"40.673,-91.044",
10/21/2025 15:13:18,638966563807617906,16.112,1,"44.367,-70.448",
10/21/2025 15:11:29,638966562632178170,25.497,1,"42.163,-104.438",
10/21/2025 15:11:07,638966562632178170,3.113,1,"44.190,-82.010",
10/21/2025 15:05:31,6.38967E+17,18.287,1,"14.976,-95.421",
10/21/2025 15:05:19,6.38967E+17,6.252,1,"31.044,-96.432",
10/21/2025 15:04:50,638966558511212259,38.133,1,"9.340,-97.875",
10/21/2025 15:03:17,638966557933250943,2.808,1,"35.947,-74.347",
10/21/2025 15:02:32,6.38967E+17,1.586,1,"39.200,-83.800",
10/21/2025 15:01:05,638966556587998090,5.629,1,"42.687,-98.370",
10/21/2025 14:59:26,6.38967E+17,11.794,1,"-20.236,-69.626",
10/21/2025 14:59:20,6.38967E+17,5.529,1,"19.669,-73.137",
10/21/2025 14:58:57,6.38967E+17,346.352,1,"39.400,-72.200",
10/21/2025 14:58:43,6.38967E+17,332.68,1,"36.824,-68.795",
10/21/2025 14:55:37,638966553358817953,1.558,1,"41.200,-83.800",
10/21/2025 14:53:08,638966551840447455,3.444,1,"44.604,-87.735",
10/21/2025 14:52:28,6.38967E+17,32.472,2,"28.123,-73.793",
10/21/2025 14:52:18,6.38967E+17,22.798,1,"30.644,-96.834",
10/21/2025 14:52:07,6.38967E+17,12.11,1,"5.060,-71.804",
10/21/2025 14:52:07,6.38967E+17,11.312,1,"8.860,-73.204",
10/21/2025 14:52:01,6.38967E+17,5.556,1,"29.253,-67.959",
10/21/2025 14:51:23,6.38967E+17,55.952,1,"35.813,-101.053",
10/21/2025 14:51:22,6.38967E+17,55.71,1,"35.813,-101.053",
10/21/2025 14:50:38,6.38967E+17,11.819,1,"8.164,-95.535",
10/21/2025 14:50:37,638966550341989453,2.988,1,"41.400,-83.800",
10/21/2025 14:50:21,6.38967E+17,13.036,1,"39.610,-86.190",
10/21/2025 14:42:45,638966545350364930,29.517,1,"30.926,-107.206",
10/21/2025 14:42:24,638966545350364930,8.807,1,"29.483,-74.133",
10/21/2025 14:32:15,6.38967E+17,24.122,1,"21.285,-100.676",
10/21/2025 14:32:07,6.38967E+17,16.388,1,"35.950,-92.844",
10/21/2025 14:32:01,6.38967E+17,10.504,1,"37.223,-94.317",
10/21/2025 14:31:53,6.38967E+17,2.538,1,"31.970,-76.121",
10/21/2025 14:27:22,638966536367730412,5.418,1,"41.790,-79.810",
10/21/2025 14:25:12,638966534714734050,40.506,2,"-11.884,-66.305",
10/21/2025 14:25:05,638966534714734050,33.39,2,"2.492,-68.964",
10/21/2025 14:19:23,638966531190752250,43.803,2,"-6.582,-96.969",
10/21/2025 14:19:01,638966531190752250,21.287,1,"21.339,-73.881",
10/21/2025 14:12:22,638966527404282670,1.409,1,"41.341,-87.141",
10/21/2025 14:11:36,638966526883789400,6.888,1,"45.389,-79.761",
10/21/2025 14:08:19,638966524935122790,5.371,1,"43.385,-83.528",
10/21/2025 14:07:48,638966524510137234,17.677,1,"-0.743,-72.047",
10/21/2025 14:07:39,638966524510137234,8.324,1,"30.532,-73.086",
10/21/2025 14:07:36,638966524510137234,5.61,1,"34.787,-94.586",
10/21/2025 14:07:32,638966524510137234,1.671,1,"39.200,-78.000",
10/21/2025 14:03:28,638966521670126210,41.047,1,"39.895,-91.460",
10/21/2025 14:03:28,638966521670126210,40.878,1,"39.895,-91.460",
10/21/2025 14:03:28,638966521670126210,40.698,1,"39.895,-91.260",
10/21/2025 14:03:27,638966521670126210,40.23,1,"39.895,-87.460",
10/21/2025 14:03:27,638966521670126210,40.047,1,"39.895,-85.660",
10/21/2025 14:03:27,638966521670126210,39.878,1,"39.895,-83.860",
10/21/2025 14:03:27,638966521670126210,39.68,1,"39.895,-81.860",
10/21/2025 14:03:27,638966521670126210,39.494,1,"39.895,-80.060",
10/21/2025 14:03:26,638966521670126210,38.761,1,"42.437,-78.518",
10/21/2025 14:03:25,638966521670126210,38.1,1,"42.013,-83.943",
10/21/2025 14:03:23,638966521670126210,35.965,1,"25.299,-95.256",
10/21/2025 14:03:23,638966521670126210,35.286,1,"20.802,-96.953",
10/21/2025 14:03:17,638966521670126210,29.399,1,"26.402,-96.953",
10/21/2025 14:02:52,638966521670126210,4.899,1,"40.689,-75.186",
10/21/2025 14:02:03,638966521207437497,2.632,1,"39.200,-76.400",
10/21/2025 14:00:33,638966520307665158,3.268,1,"41.473,-70.527",
10/21/2025 14:00:17,638966520000540529,17.099,1,"28.733,-62.333",
10/21/2025 14:00:08,638966520000540529,8.332,1,"44.131,-87.931",
10/21/2025 14:00:01,638966520000540529,1.522,1,"39.200,-86.800",
10/21/2025 13:58:57,638966519350061851,2.635,1,"42.673,-83.727",
10/21/2025 13:55:48,638966517402835700,7.21,1,"11.248,-94.141",
10/21/2025 13:55:47,638966517402835700,6.114,1,"11.531,-87.659",
10/21/2025 13:55:46,638966517402835700,5.895,1,"11.531,-85.459",
10/21/2025 13:55:46,638966517402835700,5.181,1,"8.834,-83.956",
10/21/2025 13:55:45,638966517402835700,4.785,1,"7.419,-87.170",
10/21/2025 13:55:41,638966517402835700,0.853,1,"42.600,-82.200",
10/21/2025 13:55:11,638966517104619285,1.257,1,"41.180,-81.820",
10/21/2025 13:53:04,6.38967E+17,70.432,2,"-20.697,-89.613",
10/21/2025 13:52:52,6.38967E+17,59.23,2,"12.528,-68.397",
10/21/2025 13:52:30,6.38967E+17,36.88,1,"42.393,-84.308",
10/21/2025 13:52:15,638966514981647890,36.411,2,"9.514,-74.666",
10/21/2025 13:51:59,6.38967E+17,6.095,1,"38.479,-88.087",
10/21/2025 13:51:30,638966514397811490,50.13,1,"46.711,-97.354",
10/21/2025 13:51:28,6.38967E+17,3.998,1,"35.927,-80.473",
10/21/2025 13:51:19,638966514397811490,38.48,1,"42.863,-71.137",
10/21/2025 13:49:45,638966512882436633,97.032,1,"-10.423,-98.016",
10/21/2025 13:49:44,638966512996009081,83.87,2,"7.212,-64.456",
10/21/2025 13:49:33,638966512882436633,85.5,1,"6.854,-95.471",
10/21/2025 13:49:23,638966512996009081,62.952,2,"29.545,-70.732",
10/21/2025 13:49:22,638966512882436633,73.988,1,"46.277,-96.394",
10/21/2025 13:49:14,638966512882436633,66.208,1,"43.511,-76.689",
10/21/2025 13:49:09,638966512996009081,48.648,2,"43.079,-82.403",
10/21/2025 13:49:02,638966512882436633,54.465,1,"39.200,-81.200",
10/21/2025 13:48:21,638966512696250270,30.826,2,"-18.349,-96.267",
10/21/2025 13:47:33,638966512486398881,4.876,1,"38.093,-80.493",
10/21/2025 13:46:39,638966511957601612,3.956,1,"37.200,-95.800",
10/21/2025 13:45:55,638966511522754328,3.425,1,"34.299,-72.099",
10/21/2025 13:45:11,638966510970848150,13.55,1,"37.931,-77.935",
10/21/2025 13:45:01,638966510970848150,3.429,1,"31.529,-74.129",
10/21/2025 13:44:15,638966509793051530,75.27,2,"44.733,-73.840",
10/21/2025 13:44:08,638966509793051530,68.87,2,"-16.168,-68.648",
10/21/2025 13:43:39,638966509793051530,40.014,1,"4.680,-98.729",
10/21/2025 13:43:26,638966509793051530,26.87,1,"-7.881,-64.907",
10/21/2025 13:43:07,638966509793051530,7.6,1,"5.729,-94.545",
10/21/2025 13:42:49,6.38967E+17,5.773,1,"50.317,-95.707",
10/21/2025 13:42:24,638966509382056750,5.155,1,"12.300,-68.446",
10/21/2025 13:42:22,6.38967E+17,1.188,1,"39.200,-83.800",
10/21/2025 13:41:55,638966509105432600,4.199,1,"41.182,-79.182",
10/21/2025 13:41:46,638966508969201907,9.606,1,"38.166,-100.719",
10/21/2025 13:41:46,638966508969201907,9.402,1,"38.166,-100.719",
10/21/2025 13:41:46,638966508969201907,9.144,1,"38.166,-100.719",
10/21/2025 13:41:44,638966508969201907,7.141,1,"45.746,-89.945",
10/21/2025 13:40:27,638966508043041700,22.019,1,"20.418,-68.385",
10/21/2025 13:40:13,638966508043041700,8.299,1,"7.706,-74.117",
10/21/2025 13:39:18,638966507529122730,5.171,1,"27.850,-100.509",
10/21/2025 13:39:15,638966507529122730,1.579,1,"39.897,-87.463",
10/21/2025 13:35:43,638966505298769550,12.492,1,"9.109,-92.251",
10/21/2025 13:33:59,638966504381274520,1.715,1,"39.200,-85.400",
10/21/2025 13:33:52,638966504272346260,4.414,1,"37.800,-82.800",
10/21/2025 13:33:50,638966504272346260,2.758,1,"41.063,-86.863",
10/21/2025 13:32:53,638966503692506490,3.275,1,"43.297,-79.786",
10/21/2025 13:31:49,638966503076002129,1.952,1,"39.200,-85.800",
10/21/2025 13:02:16,638966485249718943,11.614,1,"39.200,-87.200",
10/21/2025 13:00:23,638966484124557933,10.801,1,"-3.591,-64.283",
10/21/2025 12:47:05,638966476200571730,4.601,1,"28.079,-67.148",
10/21/2025 12:46:46,6.38966E+17,1.166,1,"41.566,-81.634",
10/21/2025 12:45:07,638966475002402271,5.766,1,"44.553,-73.643",
10/21/2025 12:44:23,638966474566554013,5.098,1,"36.903,-67.352",
10/21/2025 12:26:32,638966463695667247,22.642,1,"-17.355,-78.831",
10/21/2025 12:26:18,638966463695667247,8.624,1,"1.256,-95.744",
10/21/2025 12:25:44,638966463430711696,1.272,1,"39.200,-87.800",
10/21/2025 12:25:30,638966463275474172,3.158,1,"39.131,-93.731",
10/21/2025 12:25:17,638966463128520914,4.738,1,"46.600,-88.400",
10/21/2025 12:08:35,6.38966E+17,335.559,2,"14.680,-99.825",
10/21/2025 12:03:31,638966449662987780,44.958,2,"19.005,-74.845",
10/21/2025 12:03:27,6.38966E+17,28.828,2,"14.680,-74.425",
10/21/2025 12:03:27,6.38966E+17,28.513,2,"14.680,-77.625",
10/21/2025 12:03:27,6.38966E+17,28.229,2,"14.680,-80.425",
10/21/2025 12:03:26,6.38966E+17,27.707,2,"14.680,-85.625",
10/21/2025 12:03:13,6.38966E+17,13.498,1,"-15.839,-71.035",
10/21/2025 12:02:54,638966449662987780,6.968,1,"25.913,-70.850",
10/21/2025 12:01:31,638966448202584550,70.657,1,"-4.380,-66.047",
10/21/2025 12:01:21,638966448202584550,60.594,1,"15.276,-77.309",
10/21/2025 12:01:09,638966448202584550,48.909,1,"10.041,-83.888",
10/21/2025 12:00:57,638966448202584550,36.796,1,"1.805,-66.105",
10/21/2025 12:00:57,638966448202584550,36.118,1,"1.805,-66.105",
10/21/2025 11:58:42,638966447111192703,7.844,1,"7.442,-93.307",
10/21/2025 11:57:59,638966446691963440,9.35,1,"46.321,-77.168",
10/21/2025 11:56:06,6.38966E+17,30.944,1,"13.119,-87.162",
10/21/2025 11:55:47,6.38966E+17,11.109,1,"44.663,-72.837",
10/21/2025 11:45:16,638966439036265129,8.446,1,"28.537,-67.109",
10/21/2025 11:39:56,6.38966E+17,0.928,1,"39.200,-83.800",
10/21/2025 11:38:47,6.38966E+17,5.368,1,"33.913,-66.568",
10/21/2025 11:38:31,6.38966E+17,2.261,1,"39.176,-85.376",
10/21/2025 11:38:18,6.38966E+17,71.718,1,"-15.608,-99.543",
10/21/2025 11:37:12,6.38966E+17,6.142,1,"38.665,-75.624",
10/21/2025 11:26:26,638966427741649140,11.246,1,"17.426,-74.474",
10/21/2025 11:25:03,6.38966E+17,19.523,1,"22.691,-92.034",
10/21/2025 11:24:50,6.38966E+17,6.382,1,"38.390,-96.990",
10/21/2025 11:02:59,638966413753648960,3.437,1,"36.566,-87.697",
10/21/2025 11:02:28,638966413447864290,3.121,1,"39.751,-83.951",
10/21/2025 11:01:20,638966412705118010,8.857,1,"11.066,-80.800",
10/21/2025 11:00:14,6.38966E+17,137.68,3,"-1.656,-66.844",
10/21/2025 11:00:13,6.38966E+17,136.863,3,"4.900,-65.854",
10/21/2025 11:00:04,6.38966E+17,128.196,3,"19.273,-102.197",
10/21/2025 10:59:45,6.38966E+17,108.497,3,"-2.557,-70.897",
10/21/2025 10:59:43,6.38966E+17,107.314,3,"-2.416,-68.541",
10/21/2025 10:59:28,6.38966E+17,91.48,3,"43.794,-83.399",
10/21/2025 10:59:25,638966411591822360,5.607,1,"30.442,-70.525",
10/21/2025 10:59:16,6.38966E+17,79.697,3,"8.832,-63.735",
10/21/2025 10:59:08,638966411429301790,4.825,1,"44.000,-83.357",
10/21/2025 10:59:06,6.38966E+17,69.531,3,"9.530,-81.564",
10/21/2025 10:58:53,6.38966E+17,56.648,2,"35.308,-74.828",
10/21/2025 10:58:35,6.38966E+17,39.348,2,"-15.146,-93.661",
10/21/2025 10:58:24,6.38966E+17,27.648,2,"-18.404,-73.981",
10/21/2025 10:57:59,6.38966E+17,2.532,1,"40.200,-83.800",
10/21/2025 10:57:53,6.38966E+17,131.679,4,"-4.334,-98.359",
10/21/2025 10:57:49,6.38966E+17,127.279,4,"16.800,-97.413",
10/21/2025 10:57:38,6.38966E+17,116.446,4,"8.635,-96.379",
10/21/2025 10:57:29,6.38966E+17,107.629,4,"14.780,-92.433",
10/21/2025 10:57:20,6.38966E+17,98.012,3,"19.284,-75.658",
10/21/2025 10:57:08,6.38966E+17,85.929,3,"-19.368,-82.334",
10/21/2025 10:57:05,6.38966E+17,83.396,3,"-12.241,-70.867",
10/21/2025 10:57:00,6.38966E+17,78.296,3,"16.390,-66.902",
10/21/2025 10:56:52,6.38966E+17,70.529,3,"8.907,-97.349",
10/21/2025 10:56:46,6.38966E+17,63.813,2,"-17.457,-89.968",
10/21/2025 10:56:21,6.38966E+17,39.397,2,"-23.696,-89.616",
10/21/2025 10:56:10,6.38966E+17,28.297,2,"16.033,-73.076",
10/21/2025 10:56:01,6.38966E+17,19.58,2,"-18.687,-91.568",
10/21/2025 10:55:54,6.38966E+17,12.281,1,"7.149,-92.697",
10/21/2025 10:55:45,6.38966E+17,3.381,1,"28.072,-102.556",
10/21/2025 10:55:13,6.38966E+17,122.109,4,"2.096,-97.079",
10/21/2025 10:54:59,6.38966E+17,107.909,4,"-16.771,-100.875",
10/21/2025 10:54:38,6.38966E+17,86.86,3,"2.048,-97.705",
10/21/2025 10:54:17,6.38966E+17,66.277,3,"2.595,-73.070",
10/21/2025 10:53:46,6.38966E+17,35.494,2,"13.702,-66.222",
10/21/2025 10:53:28,6.38966E+17,16.661,1,"17.937,-105.964",
10/21/2025 10:53:13,6.38966E+17,2.428,1,"37.234,-84.697",
10/21/2025 10:51:12,638966406707117250,0.908,1,"40.800,-82.800",
10/21/2025 10:50:57,638966406540838720,3.003,1,"39.400,-82.600",
10/21/2025 10:44:49,6.38966E+17,66.924,2,"47.577,-87.304",
10/21/2025 10:44:31,6.38966E+17,49.213,2,"38.867,-78.513",
10/21/2025 10:44:05,6.38966E+17,22.324,1,"39.786,-88.671",
10/21/2025 10:43:53,6.38966E+17,11.113,1,"39.814,-94.588",
10/21/2025 10:43:43,6.38966E+17,1.018,1,"40.649,-86.248",
10/21/2025 10:43:28,6.38966E+17,1.726,1,"34.830,-88.604",
10/21/2025 10:43:11,6.38966E+17,13.503,1,"37.745,-97.469",
10/21/2025 10:43:00,6.38966E+17,2.759,1,"42.772,-93.071",
10/21/2025 10:32:45,638966395610399630,4.31,1,"24.416,-94.784",
10/21/2025 10:32:06,638966395159053460,9.343,1,"41.933,-96.798",
10/21/2025 9:14:21,638966348541514030,4.897,1,"44.794,-75.178",
10/21/2025 9:13:48,638966348226288115,4.012,1,"39.736,-91.618",
10/21/2025 8:52:37,6.38966E+17,87.514,3,"7.006,-92.816",
10/21/2025 8:52:19,6.38966E+17,69.231,3,"-18.452,-96.247",
10/21/2025 8:52:05,6.38966E+17,55.681,3,"2.444,-97.847",
10/21/2025 8:51:37,6.38966E+17,27.215,2,"13.583,-70.220",
10/21/2025 8:51:20,6.38966E+17,10.548,1,"13.260,-99.657",
10/21/2025 8:50:36,6.38966E+17,4.687,1,"18.407,-97.522",
10/21/2025 8:12:48,6.38966E+17,21.073,1,"36.059,-92.811",
10/21/2025 8:12:30,6.38966E+17,2.507,1,"36.469,-79.606",
10/21/2025 8:06:35,6.38966E+17,74.521,2,"24.813,-101.631",
10/21/2025 8:06:33,6.38966E+17,73.071,2,"25.730,-99.148",
10/21/2025 8:06:19,6.38966E+17,59.555,2,"-7.865,-79.722",
10/21/2025 8:06:02,6.38966E+17,42.389,2,"-1.531,-102.342",
10/21/2025 8:05:48,6.38966E+17,27.605,1,"37.455,-73.527",
10/21/2025 8:05:45,6.38966E+17,25.422,1,"36.324,-95.058",
10/21/2025 8:05:37,6.38966E+17,16.988,1,"23.886,-101.499",
10/21/2025 8:05:34,6.38966E+17,14.456,1,"24.662,-97.978",
10/21/2025 8:05:23,6.38966E+17,3.306,1,"45.136,-90.184",
10/21/2025 8:04:05,638966306268808906,16.631,1,"36.976,-72.650",
10/21/2025 8:03:59,638966306268808906,10.575,1,"43.239,-92.901",
10/21/2025 8:03:52,638966306268808906,3.83,1,"35.869,-72.675",
10/20/2025 22:54:14,638965976444558478,11.594,1,"5.062,-99.047",
10/20/2025 21:44:23,638965934004843476,64.501,1,"10.531,-102.497",
10/20/2025 21:44:21,638965934004843476,62.824,1,"16.331,-102.497",
10/20/2025 21:44:15,638965934004843476,56.928,1,"2.104,-68.886",
10/20/2025 21:44:08,638965934004843476,49.346,1,"-0.321,-96.540",
10/20/2025 21:44:01,638965934004843476,42.224,1,"-12.118,-97.093",
10/20/2025 21:43:36,638965934004843476,17.142,1,"39.200,-83.800",
10/20/2025 21:43:35,638965934004843476,16.957,1,"16.642,-77.026",
10/20/2025 21:43:35,638965934004843476,16.725,1,"16.642,-77.029",
10/20/2025 21:43:35,638965934004843476,16.512,1,"16.642,-75.660",
10/20/2025 21:43:34,638965934004843476,15.9,1,"18.648,-70.703",
10/20/2025 21:43:30,638965934004843476,11.369,1,"14.480,-71.215",
10/20/2025 21:43:27,638965934004843476,8.126,1,"15.894,-86.629",
10/20/2025 21:43:26,638965934004843476,7.709,1,"15.045,-90.478",
10/20/2025 21:43:26,638965934004843476,7.372,1,"15.045,-93.877",
10/20/2025 21:43:22,638965934004843476,3.088,1,"41.400,-81.000",
10/20/2025 19:30:02,638965853912016998,12.12,1,"7.328,-75.084",
10/20/2025 19:29:58,638965853912016998,8.738,1,"12.074,-91.781",
10/20/2025 19:29:54,638965853912016998,4.356,1,"33.485,-73.091",
10/20/2025 19:28:14,638965852497248600,43.363,2,"46.050,-101.796",
10/20/2025 19:27:54,638965852497248600,23.4,2,"22.368,-71.306",
10/20/2025 19:27:07,638965852145880441,13.901,1,"39.180,-79.420",
10/20/2025 19:26:58,638965852145880441,4.76,1,"39.307,-86.596",
10/20/2025 19:11:34,638965842582489561,37.5,1,"41.800,-83.800",
10/20/2025 19:11:30,638965842582489561,33.475,1,"30.526,-101.649",
10/20/2025 19:11:24,638965842582489561,27.427,1,"33.709,-96.822",
10/20/2025 19:11:20,638965842582489561,23.298,1,"47.004,-84.726",
10/20/2025 19:11:15,638965842582489561,17.841,1,"14.163,-85.728",
10/20/2025 19:11:10,638965842582489561,12.944,1,"8.254,-99.458",
10/20/2025 19:11:05,638965842582489561,7.721,1,"38.537,-72.584",
10/20/2025 18:54:11,638965832426624963,10.177,1,"36.061,-99.813",
10/20/2025 18:54:05,638965832426624963,3.945,1,"24.846,-95.871",
10/20/2025 18:53:52,638965832265091974,5.25,1,"22.573,-96.224",
10/20/2025 18:53:07,638965831730962647,15.117,1,"4.178,-84.246",
10/20/2025 18:52:56,638965831730962647,4.481,1,"38.107,-89.093",
10/20/2025 18:44:21,638965826437821103,18.969,1,"23.273,-106.412",
10/20/2025 18:44:07,638965826437821103,4.155,1,"43.301,-100.501",
10/20/2025 18:42:07,638965824972859395,31.28,1,"25.927,-99.949",
10/20/2025 18:42:04,638965824972859395,28.047,1,"16.595,-94.312",
10/20/2025 18:42:02,638965824972859395,26.001,1,"25.927,-99.949",
10/20/2025 18:41:55,638965824972859395,19.042,1,"26.844,-104.067",
10/20/2025 18:41:49,638965824972859395,12.783,1,"28.541,-99.755",
10/20/2025 18:41:41,638965824972859395,5.364,1,"44.400,-92.200",
10/20/2025 18:40:57,638965824538437240,4.311,1,"37.794,-89.125",
10/20/2025 14:45:18,638965682864693943,31.215,1,"7.034,-104.170",
10/20/2025 14:45:05,638965682864693943,18.232,1,"41.746,-90.745",
10/20/2025 14:44:54,638965682864693943,7.018,1,"28.399,-69.129",
10/20/2025 14:44:10,638965682279013589,21.481,1,"15.267,-89.470",
10/20/2025 14:39:20,638965679528693928,6.663,1,"40.917,-88.083",
10/20/2025 14:39:20,638965679528693928,6.463,1,"40.917,-88.083",
10/20/2025 14:39:20,638965679528693928,6.251,1,"40.917,-88.083",
10/20/2025 14:39:19,638965679528693928,6.045,1,"40.917,-88.083",
10/20/2025 14:39:19,638965679528693928,5.776,1,"40.917,-88.083",
10/20/2025 14:39:18,638965679528693928,4.581,1,"40.917,-92.083",
10/20/2025 14:39:18,638965679528693928,4.34,1,"40.917,-92.083",
10/20/2025 14:39:17,638965679528693928,4.135,1,"40.917,-92.083",
10/20/2025 14:39:17,638965679528693928,3.912,1,"40.917,-92.083",
10/20/2025 14:39:17,638965679528693928,3.708,1,"40.517,-92.083",
10/20/2025 14:39:17,638965679528693928,3.46,1,"38.117,-92.083",
10/20/2025 14:39:15,638965679528693928,1.377,1,"41.600,-83.800",
10/20/2025 14:20:57,638965668343521407,22.3,2,"38.008,-99.196",
10/20/2025 14:16:04,638965665586355356,4.698,1,"43.834,-102.311",
10/20/2025 14:15:22,638965664797985202,42.047,2,"42.559,-79.943",
10/20/2025 14:15:21,638965664797985202,40.343,2,"17.787,-65.206",
10/20/2025 14:15:19,638965664797985202,38.765,2,"-11.470,-70.863",
10/20/2025 14:14:51,638965664797985202,10.097,1,"-8.928,-101.581",
10/21/2025 15:29:21,6.38967E+17,13.48,1,"39.754,-73.765",
10/21/2025 15:31:24,6.38967E+17,5.97,1,"47.541,-63.396",
10/21/2025 15:31:25,6.38967E+17,7.344,1,"44.073,-82.527",
10/21/2025 15:48:43,6.38967E+17,17.387,1,"46.000,-85.200",
10/21/2025 15:49:21,6.38967E+17,55.603,1,"28.637,-68.600",
10/21/2025 15:49:21,6.38967E+17,55.883,1,"28.637,-70.000",
10/21/2025 15:50:55,6.38967E+17,6.136,1,"20.733,-103.509",
10/21/2025 15:51:59,6.38967E+17,16.898,1,"18.886,-61.677",
10/21/2025 15:52:30,6.38967E+17,48.249,1,"39.767,-64.486",
10/21/2025 15:52:48,6.38967E+17,12.146,1,"24.922,-93.691",
10/21/2025 15:53:12,6.38967E+17,35.994,1,"13.592,-106.008",
10/21/2025 15:53:38,6.38967E+17,62.193,1,"-26.177,-96.971",
10/21/2025 15:53:59,6.38967E+17,83.378,1,"6.047,-100.922",
10/21/2025 15:55:20,6.38967E+17,40.975,1,"19.263,-93.558",
10/21/2025 15:55:42,6.38967E+17,63.543,1,"-20.226,-78.804",
10/21/2025 16:09:30,6.38967E+17,1013.876,2,"-16.672,-73.501",
10/21/2025 16:09:50,6.38967E+17,3.059,1,"43.507,-84.741",
10/21/2025 16:10:02,6.38967E+17,14.361,1,"43.806,-105.107",
10/21/2025 16:10:12,6.38967E+17,24.409,1,"46.839,-80.473",
10/21/2025 16:10:33,6.38967E+17,45.844,1,"12.643,-104.719",
10/21/2025 16:10:45,6.38967E+17,57.692,1,"39.530,-97.514",
10/21/2025 16:10:54,6.38967E+17,66.893,1,"27.085,-96.847",
10/21/2025 16:11:13,6.38967E+17,4.715,1,"43.741,-81.644",
10/21/2025 16:11:30,6.38967E+17,21.846,1,"42.439,-89.638",
10/21/2025 16:11:35,6.38967E+17,27.148,1,"45.863,-92.863",
10/21/2025 16:17:16,638966602316699314,4.612,1,"41.634,-99.365",
10/21/2025 16:17:30,638966602449310933,5.903,1,"40.851,-89.537",
10/21/2025 16:17:50,638966602652849127,5.554,1,"14.156,-94.238",
10/21/2025 16:18:00,638966602765283336,4.172,1,"15.146,-93.275",
10/21/2025 16:18:34,638966602978526022,17.11,1,"6.199,-79.376",
10/21/2025 16:18:47,638966602978526022,30.25,1,"7.008,-98.907",
10/21/2025 16:23:12,638966605844338783,8.615,1,"22.456,-99.744",
10/21/2025 16:23:22,638966605844338783,18.416,1,"37.850,-94.432",
10/21/2025 16:23:43,638966605844338783,39.892,1,"-19.184,-92.362",
10/21/2025 16:24:13,638966605844338783,69.14,2,"-0.085,-105.834",
10/21/2025 16:25:04,638966606973160376,7.643,1,"8.458,-97.105",
10/21/2025 16:25:39,638966606973160376,42.442,2,"11.573,-74.686",
10/21/2025 16:26:00,638966606973160376,64.182,2,"-15.119,-96.722",
10/21/2025 16:26:53,638966608100614539,3.46,1,"24.743,-98.657",
10/21/2025 16:27:16,638966608100614539,27.001,1,"13.634,-96.416",
10/21/2025 16:27:39,638966608562060233,3.874,1,"43.541,-79.659",
10/21/2025 16:46:07,638966619617645878,4.629,1,"38.109,-91.200",
10/21/2025 16:46:14,638966619617645878,11.667,1,"45.966,-95.277",
10/21/2025 16:46:19,638966619617645878,16.755,1,"46.531,-95.842",
10/21/2025 16:46:21,638966619617645878,19.083,1,"50.317,-97.988",
10/21/2025 16:46:28,638966619617645878,26.072,1,"37.816,-106.226",
10/21/2025 22:30:54,638966826510290102,3.235,1,"40.800,-88.400",
10/21/2025 22:31:06,638966826510290102,14.778,1,"41.972,-94.628",
10/21/2025 22:31:20,638966826510290102,29.574,1,"41.172,-101.297",
10/21/2025 22:31:31,638966826510290102,40.263,1,"39.275,-85.966",
10/21/2025 22:31:42,638966826510290102,51.519,1,"39.275,-86.566",
10/21/2025 22:31:55,638966826510290102,64.159,1,"44.280,-78.172",
10/21/2025 22:40:47,638966832463304606,0.833,1,"39.200,-85.800",
10/21/2025 22:41:33,638966832463304606,47.261,1,"39.351,-79.420",
10/21/2025 22:41:56,638966832463304606,69.289,1,"42.561,-92.851",
10/21/2025 22:42:07,638966832463304606,80.894,1,"41.658,-100.231",
10/21/2025 22:48:25,638966832463304606,458.673,1,"44.844,-68.079",
10/21/2025 22:49:18,638966832463304606,512.374,1,"46.683,-70.717",
10/21/2025 22:52:50,638966839656789417,4.187,1,"41.438,-91.238",
10/22/2025 0:04:33,638966882699915987,2.656,1,"39.200,-92.600",
10/22/2025 0:11:12,638966882699915987,402.12,1,"33.719,-103.770",
10/22/2025 0:11:59,638966882699915987,449.1,1,"35.409,-100.994",
10/22/2025 0:12:16,638966887352311268,1.4,1,"40.790,-90.390",
10/22/2025 0:12:48,638966887667098977,1.662,1,"40.473,-89.273",
10/22/2025 0:14:09,638966888478754852,0.932,1,"39.200,-83.800",
10/22/2025 0:14:52,638966888883097228,4.198,1,"25.977,-99.022",
10/22/2025 1:08:39,638966921168683184,2.323,1,"40.897,-88.497",
10/22/2025 1:09:59,638966921948861482,4.218,1,"38.903,-88.697",
10/22/2025 1:15:57,638966925541601489,2.931,1,"39.200,-81.400",
10/22/2025 1:16:15,638966925541601489,21.404,1,"39.200,-97.000",
10/22/2025 1:17:22,638966926403957776,2.3,1,"39.200,-83.200",
10/22/2025 1:18:31,638966927095564578,2.032,1,"39.200,-83.800",
10/22/2025 1:19:33,638966927095564578,63.949,1,"40.483,-87.146",
10/22/2025 1:22:18,638966929108124634,27.236,1,"39.200,-83.800",
10/22/2025 1:23:04,638966929108124634,73.459,1,"39.200,-83.800",
10/22/2025 1:23:44,638966929108124634,113.553,1,"39.200,-83.800",
10/22/2025 1:28:49,638966933260841161,3.31,1,"39.200,-86.000",
10/22/2025 1:35:32,638966937318503737,0.854,1,"39.200,-83.800",
10/22/2025 1:41:43,638966941026675037,1.381,1,"39.200,-83.800",
10/22/2025 1:48:13,638966944920537278,1.189,1,"39.200,-83.800",
10/22/2025 1:48:28,638966944920537278,16.719,1,"39.200,-83.800",
10/22/2025 1:50:31,638966946270530482,4.115,1,"39.200,-83.800",
10/22/2025 1:58:49,638966951273958572,2.27,1,"39.200,-83.800",
10/22/2025 2:00:38,638966952376301514,0.942,1,"39.200,-83.800",
10/22/2025 2:06:21,638966955806509115,1.287,1,"39.200,-83.800",
10/22/2025 2:06:58,638966956168756194,1.821,1,"39.200,-83.800",
10/22/2025 2:07:30,638966956168756194,34.274,1,"39.400,-83.800",
10/22/2025 2:11:00,638966958600357622,0.826,1,"39.200,-83.800",
10/22/2025 2:11:27,638966958600357622,27.567,1,"38.566,-86.180",
10/22/2025 2:12:04,638966959190568769,5.984,1,"39.200,-83.800",
10/22/2025 2:20:11,638966964083142891,2.865,1,"39.200,-83.800",
10/22/2025 2:26:54,638966968123135689,2.404,1,"39.200,-83.800",
10/22/2025 2:27:11,638966968123135689,19.535,1,"39.200,-98.200",
10/22/2025 2:27:42,638966968585009307,4.499,1,"31.870,-98.529",
10/22/2025 2:27:54,638966968585009307,16.619,1,"42.594,-88.148",
10/22/2025 3:51:30,638967018832570131,7.947,1,"47.141,-77.010",
10/22/2025 4:00:38,638967024276873106,11.23,1,"42.467,-62.835",
10/22/2025 4:01:29,638967024822823695,7.858,1,"16.013,-95.572",
10/22/2025 16:08:49,638967461209460892,8.241,1,"17.674,-98.125",
10/22/2025 16:29:35,638967473570542252,19.347,2,"4.412,-72.323",
10/22/2025 16:37:05,638967478183852065,7.114,1,"49.424,-76.396",
10/22/2025 16:37:18,638967478183852065,20.336,1,"27.854,-66.032",
10/22/2025 16:38:55,638967479249991621,11.086,1,"21.349,-72.130",
10/22/2025 17:44:19,638967518096325752,50.582,1,"10.481,-100.710",
10/22/2025 17:44:30,638967518096325752,61.924,1,"13.350,-99.579",
10/22/2025 17:57:19,638967526367098459,2.874,1,"32.270,-100.729",
10/22/2025 18:25:21,638967542993509443,23.1,2,"6.871,-103.209",
10/22/2025 20:31:38,6.38968E+17,8.319,1,"34.099,-101.459",
10/22/2025 20:31:56,6.38968E+17,26.268,1,"-6.671,-74.705",
10/22/2025 20:31:56,6.38968E+17,27.085,1,"-9.451,-72.725",
10/22/2025 20:32:16,6.38968E+17,46.701,2,"7.905,-83.240",
10/22/2025 20:32:23,6.38968E+17,53.785,2,"-25.872,-105.804",
10/22/2025 20:32:30,6.38968E+17,60.584,2,"-22.534,-74.241",
10/22/2025 20:32:39,6.38968E+17,70.185,2,"8.757,-104.663",
10/24/2025 20:23:01,638969341748135629,5.995,1,"34.470,-100.210",
10/24/2025 20:23:26,638969341748135629,30.713,2,"29.508,-100.187",
10/24/2025 20:23:38,638969341748135629,43.467,2,"23.219,-89.701",
10/24/2025 20:23:39,638969341748135629,43.468,2,"23.219,-89.701",
10/24/2025 20:24:33,638969341748135629,98.012,4,"2.928,-74.306",
10/24/2025 20:26:18,638969341748135629,203.508,7,"16.211,-81.054",
10/24/2025 20:30:43,638969346381376651,4.237,1,"42.299,-86.513",Pause
10/24/2025 20:30:45,638969346381376651,6.451,1,"43.762,-79.458",ShieldGhost
10/24/2025 20:30:46,638969346381376651,8.095,1,"36.162,-71.258",Invincible
10/24/2025 23:15:44,638969445432197134,2.882,1,"39.200,-81.870",Invincible
10/24/2025 23:15:53,638969445432197134,12.196,1,"-23.443,-73.283",Invincible
10/24/2025 23:16:02,638969445432197134,21.319,1,"-26.150,-66.619",Invincible
10/24/2025 23:16:11,638969445432197134,30.464,1,"48.522,-85.111",Invincible
10/24/2025 23:17:13,638969446180395543,17.582,1,"23.826,-87.890",Invincible
10/24/2025 23:17:20,638969446180395543,24.182,1,"40.412,-67.134",Invincible
10/24/2025 23:17:27,638969446180395543,31.165,1,"-10.386,-108.330",Invincible
10/24/2025 23:17:33,638969446180395543,37.535,1,"-22.148,-82.910",Invincible
10/24/2025 23:17:41,638969446180395543,45.819,1,"38.168,-83.627",Invincible
10/24/2025 23:24:10,638969450360244970,16.592,1,"40.313,-83.914",Invincible
10/24/2025 23:24:16,638969450360244970,22.914,1,"36.921,-86.849",Invincible
10/24/2025 23:24:23,638969450360244970,29.123,1,"41.482,-80.471",Invincible
10/24/2025 23:24:29,638969450360244970,35.719,1,"-7.872,-63.129",Invincible
10/24/2025 23:24:36,638969450360244970,42.682,1,"17.809,-64.119",Invincible
10/24/2025 23:24:43,638969450360244970,49.341,1,"47.489,-81.947",Invincible
10/24/2025 23:24:50,638969450360244970,56.138,1,"40.495,-80.553",Invincible
10/24/2025 23:24:56,638969450360244970,62.481,1,"41.818,-64.536",Invincible
10/24/2025 23:25:32,638969451121523610,22.607,1,"36.536,-84.923",Invincible
10/24/2025 23:25:38,638969451121523610,28.991,1,"-28.481,-88.381",Invincible
10/24/2025 23:25:45,638969451121523610,35.93,1,"31.205,-101.496",Invincible
10/24/2025 23:25:52,638969451121523610,42.185,1,"36.215,-83.707",Invincible
10/24/2025 23:27:06,638969452251505511,2.955,1,"39.200,-94.070",Invincible
10/24/2025 23:27:13,638969452251505511,10.09,1,"42.818,-83.771",Invincible
10/24/2025 23:27:27,638969452251505511,24.201,1,"42.818,-83.571",Invincible
10/24/2025 23:27:36,638969452251505511,33.303,1,"-24.551,-83.844",Invincible
10/24/2025 23:27:42,638969452251505511,39.845,1,"36.974,-99.569",Invincible
10/24/2025 23:28:23,638969453026024430,2.675,1,"39.200,-87.670",Invincible
10/24/2025 23:28:29,638969453026024430,8.938,1,"38.707,-83.265",Invincible
10/24/2025 23:29:11,638969453530882310,0.811,1,"39.200,-86.670",Invincible
10/24/2025 23:29:23,638969453530882310,12.718,1,"36.486,-83.344",Invincible
10/24/2025 23:29:30,638969453530882310,19.102,1,"34.589,-86.578",Invincible
10/24/2025 23:29:38,638969453530882310,27.115,1,"34.072,-82.598",Invincible
10/24/2025 23:29:44,638969453530882310,33.755,1,"34.771,-84.242",Invincible
10/24/2025 23:29:51,638969453530882310,40.381,1,"35.870,-82.341",Invincible
10/24/2025 23:29:58,638969453530882310,47.129,1,"36.081,-82.587",Invincible
10/24/2025 23:30:05,638969453530882310,54.111,1,"35.653,-83.359",Invincible
10/24/2025 23:30:11,638969453530882310,60.697,1,"37.445,-81.819",Invincible
10/24/2025 23:30:19,638969453530882310,68.458,1,"36.305,-83.314",Invincible
10/24/2025 23:30:46,638969454455270102,3.397,1,"23.729,-74.999",Invincible
10/24/2025 23:30:53,638969454455270102,9.763,1,"0.692,-63.414",Invincible
10/24/2025 23:31:25,638969454868277768,1.139,1,"41.200,-87.670",Invincible
10/24/2025 23:31:32,638969454868277768,7.426,1,"-16.518,-93.466",Invincible
10/24/2025 23:31:39,638969454868277768,14.546,1,"-27.878,-77.132",Invincible
10/24/2025 23:31:51,638969454868277768,26.618,1,"-26.085,-83.752",Invincible
10/24/2025 23:32:16,638969454868277768,52.208,1,"34.429,-81.082",Invincible
10/24/2025 23:32:23,638969454868277768,58.458,1,"29.342,-62.625",Invincible
10/24/2025 23:33:18,638969455955418951,5.351,1,"60.186,-92.005",Invincible
10/24/2025 23:34:23,638969455955418951,69.779,1,"64.162,-79.164",Invincible
10/24/2025 23:38:23,638969459002884574,5.504,1,"57.650,-87.670",Invincible
10/24/2025 23:38:29,638969459002884574,11.789,1,"62.450,-54.670",Invincible
10/24/2025 23:38:36,638969459002884574,18.043,1,"60.650,-121.070",Invincible
10/24/2025 23:41:17,638969460757419261,3.687,1,"57.650,-87.670",Invincible
10/24/2025 23:41:23,638969460757419261,10.121,1,"62.771,-115.733",Invincible
10/24/2025 23:42:05,638969461255237305,2.401,1,"57.650,-87.670",Invincible
10/24/2025 23:42:12,638969461255237305,8.794,1,"62.381,-87.326",Invincible
10/24/2025 23:42:18,638969461255237305,15.09,1,"51.822,-43.453",Invincible
10/24/2025 23:42:24,638969461255237305,21.352,1,"41.629,-52.646",Invincible
10/24/2025 23:42:57,638969461775957728,1.557,1,"57.650,-87.670",Invincible
10/24/2025 23:43:03,638969461775957728,7.761,1,"47.979,-44.535",Invincible
10/24/2025 23:43:46,638969462262096802,2.791,1,"61.064,-96.484",Invincible
10/24/2025 23:43:54,638969462262096802,10.354,1,"65.064,-75.634",Invincible
10/24/2025 23:44:30,638969462718957997,0.971,1,"57.650,-90.670",Invincible
10/24/2025 23:44:37,638969462718957997,7.884,1,"62.854,-64.313",Invincible
10/24/2025 23:44:46,638969462718957997,16.607,1,"56.250,-70.882",Invincible
10/24/2025 23:49:15,638969465557923749,1.236,1,"57.650,-87.670",Invincible
10/24/2025 23:49:20,638969465557923749,7.407,1,"64.868,-103.844",Invincible
10/24/2025 23:49:27,638969465557923749,13.672,1,"60.767,-45.531",Invincible
10/24/2025 23:50:37,638969466391185316,0.706,1,"57.650,-87.670",Invincible
10/24/2025 23:50:43,638969466391185316,6.946,1,"56.737,-109.844",Invincible
10/24/2025 23:50:59,638969466602179281,1.103,1,"57.650,-91.270",Invincible
10/24/2025 23:51:28,638969466890775287,1.625,1,"57.650,-84.270",Invincible
10/24/2025 23:51:34,638969466890775287,7.777,1,"60.747,-52.617",Invincible
10/24/2025 23:51:41,638969466890775287,14.235,1,"50.688,-119.385",Invincible
10/24/2025 23:51:47,638969466890775287,20.561,1,"23.747,-126.373",Invincible
10/24/2025 23:52:05,638969467263463933,1.199,1,"57.650,-87.670",Invincible
10/24/2025 23:53:11,638969467928398756,1.158,1,"57.650,-87.670",Invincible
10/24/2025 23:53:18,638969467928398756,7.918,1,"59.387,-53.114",Invincible
10/24/2025 23:53:24,638969467928398756,14.127,1,"49.339,-118.024",Invincible
10/24/2025 23:53:30,638969467928398756,20.284,1,"-11.461,-119.721",Invincible
10/24/2025 23:53:42,638969468239318095,1.014,1,"57.650,-90.470",Invincible
10/24/2025 23:53:50,638969468239318095,8.412,1,"26.502,-125.635",Invincible
10/24/2025 23:54:12,638969468533172433,1.586,1,"57.650,-91.470",Invincible
10/24/2025 23:54:25,638969468533172433,14.116,1,"12.187,-122.921",Invincible
10/24/2025 23:54:35,638969468533172433,24.892,1,"2.489,-119.386",Invincible
10/24/2025 23:54:49,638969468896462998,1.999,1,"57.650,-99.470",Invincible
10/24/2025 23:54:55,638969468896462998,8.461,1,"-22.021,-118.541",Invincible
10/25/2025 0:09:15,638969477518669560,5.667,1,"44.636,-96.236",Invincible
10/25/2025 0:09:22,638969477518669560,13.07,1,"23.176,-74.313",Invincible
10/25/2025 0:24:59,638969486887307752,13.051,1,"17.076,-71.708",Invincible
10/25/2025 2:19:39,638969555787233722,3.323,1,"40.187,-84.567",Invincible
10/25/2025 2:19:44,638969555787233722,8.428,1,"-26.271,-70.672",ShieldGhost
10/25/2025 2:19:44,638969555787233722,8.429,1,"-26.271,-70.672",Pause
10/25/2025 2:19:50,638969555787233722,14.786,1,"-24.119,-86.625",Pause
10/25/2025 2:19:52,638969555787233722,16.945,1,"-11.882,-100.462",Invincible
10/25/2025 2:19:59,638969555787233722,23.626,1,"33.818,-91.392",Invincible
10/25/2025 13:30:29,638969958268348582,3.362,1,"36.890,-88.870",Invincible
10/25/2025 13:30:35,638969958268348582,10.156,1,"-15.268,-66.112",Invincible
10/25/2025 13:30:38,638969958268348582,12.636,1,"6.252,-98.832",ShieldGhost
10/25/2025 13:30:38,638969958268348582,12.637,1,"6.252,-98.832",Pause
10/25/2025 13:30:45,638969958268348582,19.921,1,"-19.850,-84.531",Pause
10/25/2025 13:31:26,638969958268348582,60.79,3,"14.680,-106.833",Invincible
10/25/2025 13:31:30,638969958268348582,64.652,3,"-20.214,-66.980",ShieldGhost
10/25/2025 13:31:30,638969958268348582,64.653,3,"-20.214,-66.980",Pause
10/25/2025 13:31:35,638969958268348582,69.574,3,"-23.652,-79.412",Invincible
10/26/2025 15:30:56,638970894428268303,9.583,1,"19.683,-102.546",ShieldGhost
10/26/2025 15:30:56,638970894428268303,9.592,1,"19.683,-102.546",Pause
10/26/2025 15:31:36,638970894428268303,50.217,2,"-11.179,-76.836",Invincible
10/26/2025 15:31:51,638970894428268303,64.691,2,"34.144,-86.995",Pause
10/26/2025 15:32:04,638970894428268303,77.839,3,"-11.174,-97.642",Invincible
10/26/2025 15:32:30,638970894428268303,104.458,3,"23.996,-108.330",Pause
10/26/2025 15:32:31,638970894428268303,104.457,3,"23.996,-108.330",ShieldGhost
10/26/2025 15:32:40,638970894428268303,113.6,3,"8.569,-96.858",Invincible
10/26/2025 15:32:52,638970894428268303,126.242,3,"12.985,-98.298",Pause
10/26/2025 15:32:52,638970894428268303,126.241,3,"12.985,-98.298",ShieldGhost
10/26/2025 16:07:06,638970915491594689,73.672,3,"30.560,-77.026",Invincible
10/26/2025 16:07:33,638970915491594689,100.836,4,"-13.970,-104.416",Pause
10/26/2025 16:07:33,638970915491594689,100.827,4,"-13.970,-104.416",Invincible
10/26/2025 16:07:33,638970915491594689,100.835,4,"-13.970,-104.416",ShieldGhost
10/26/2025 16:07:40,638970915491594689,107.443,4,"-24.681,-82.905",Pause
10/26/2025 16:07:40,638970915491594689,107.442,4,"-24.681,-82.905",ShieldGhost
10/26/2025 16:07:44,638970915491594689,111.627,4,"-22.081,-82.905",Invincible
10/26/2025 16:09:36,638970917639530053,9.27,1,"14.502,-75.090",Pause
10/26/2025 16:09:36,638970917639530053,9.261,1,"14.502,-75.090",ShieldGhost
10/26/2025 16:09:41,638970917639530053,14.448,1,"6.902,-75.090",Invincible
10/26/2025 16:10:04,638970917639530053,36.695,2,"4.266,-102.179",ShieldGhost
10/26/2025 16:10:04,638970917639530053,36.697,2,"4.266,-102.179",Pause
10/26/2025 16:10:33,638970917639530053,66.244,2,"24.761,-97.612",ShieldGhost
10/26/2025 16:10:33,638970917639530053,66.245,2,"24.761,-97.612",Pause
10/26/2025 16:13:47,638970920108146125,13.205,1,"24.464,-98.029",Invincible
10/26/2025 16:32:41,638970931519173620,5.376,1,"35.607,-98.161",ShieldGhost
10/26/2025 16:32:40,638970931519173620,5.385,1,"35.607,-98.161",Pause
10/26/2025 16:32:45,638970931519173620,10.012,1,"41.987,-85.973",ShieldGhost
10/26/2025 16:32:45,638970931519173620,10.013,1,"41.987,-85.973",Pause
10/26/2025 16:42:24,638970937387135077,2.376,1,"35.266,-92.294",Pause
10/26/2025 16:42:34,638970937387135077,12.172,1,"26.587,-95.753",Pause
10/26/2025 17:12:23,638970955360916369,3.997,1,"36.890,-98.070",ShieldGhost
10/26/2025 17:12:30,638970955360916369,10.858,1,"42.759,-67.448",Invincible
10/26/2025 17:12:34,638970955360916369,14.837,1,"10.081,-73.763",Pause
10/26/2025 17:12:59,638970955730053153,3.075,1,"36.890,-87.670",ShieldGhost
10/26/2025 17:13:07,638970955730053153,11.601,1,"27.882,-101.181",Invincible
10/26/2025 17:13:27,638970955730053153,31.147,1,"38.227,-99.512",ShieldGhost
10/26/2025 17:21:40,638970960938939085,3.302,1,"38.690,-89.870",Pause
10/26/2025 17:21:40,638970960938939085,3.292,1,"38.690,-89.870",ShieldGhost
10/26/2025 17:21:48,638970960938939085,10.967,1,"28.944,-104.658",ShieldGhost
10/26/2025 17:21:48,638970960938939085,10.967,1,"28.944,-104.658",Pause
10/26/2025 17:21:56,638970960938939085,19.12,1,"35.272,-107.585",Pause
10/26/2025 17:21:56,638970960938939085,19.119,1,"35.272,-107.585",ShieldGhost
10/26/2025 17:22:04,638970960938939085,27.228,1,"25.871,-100.742",ShieldGhost
10/26/2025 17:22:04,638970960938939085,27.228,1,"25.871,-100.742",Pause
10/26/2025 17:22:15,638970960938939085,38.436,1,"38.316,-66.811",ShieldGhost
10/26/2025 17:22:15,638970960938939085,38.437,1,"38.316,-66.811",Pause
10/26/2025 17:22:27,638970960938939085,50.429,1,"37.641,-83.351",ShieldGhost
10/26/2025 17:22:27,638970960938939085,50.429,1,"37.641,-83.351",Pause
10/26/2025 17:22:41,638970960938939085,64.349,1,"37.257,-86.529",ShieldGhost
10/26/2025 17:22:41,638970960938939085,64.35,1,"37.257,-86.529",Pause
10/26/2025 17:22:54,638970960938939085,77.248,1,"39.565,-82.001",Pause
10/26/2025 17:22:54,638970960938939085,77.247,1,"39.565,-82.001",ShieldGhost
10/26/2025 17:23:58,638970962219392070,13.416,1,"50.318,-105.664",Pause
10/26/2025 17:23:58,638970962219392070,13.406,1,"50.318,-105.664",ShieldGhost
10/26/2025 17:24:10,638970962219392070,25.23,1,"36.792,-92.659",ShieldGhost
10/26/2025 17:24:10,638970962219392070,25.231,1,"36.792,-92.659",Pause
10/26/2025 17:24:24,638970962219392070,39.015,1,"15.959,-70.181",ShieldGhost
10/26/2025 17:24:24,638970962219392070,39.016,1,"15.959,-70.181",Pause
10/26/2025 17:25:44,638970963398665956,1.021,1,"36.890,-88.670",Pause
10/26/2025 17:25:44,638970963398665956,1.01,1,"36.890,-88.670",ShieldGhost
10/26/2025 17:25:51,638970963398665956,8.758,1,"27.692,-101.725",Pause
10/26/2025 17:26:28,638970963398665956,45.261,2,"3.863,-94.016",Pause
10/26/2025 17:26:28,638970963398665956,45.26,2,"3.863,-94.016",ShieldGhost
10/26/2025 17:26:37,638970963398665956,54.724,2,"2.689,-94.990",Invincible
10/26/2025 17:26:40,638970963398665956,57.731,2,"20.374,-61.979",ShieldGhost
10/26/2025 17:26:40,638970963398665956,57.732,2,"20.374,-61.979",Pause
10/26/2025 17:26:53,638970963398665956,70.809,2,"-7.174,-73.919",Pause
10/26/2025 17:26:53,638970963398665956,70.808,2,"-7.174,-73.919",ShieldGhost
10/26/2025 17:51:14,638970978664102869,4.787,1,"41.543,-100.523",Pause
10/26/2025 17:51:20,638970978664102869,11.026,1,"47.785,-88.220",ShieldGhost
10/26/2025 17:51:27,638970978664102869,17.571,1,"39.270,-97.935",ShieldGhost
10/26/2025 17:52:10,638970979200524126,7.16,1,"34.941,-88.747",Pause
10/26/2025 17:52:10,638970979200524126,7.179,1,"34.941,-88.747",ShieldGhost
10/26/2025 17:52:34,638970979200524126,30.889,2,"24.464,-97.336",ShieldGhost
10/26/2025 17:52:50,638970979200524126,47.625,2,"34.361,-98.350",ShieldGhost
10/26/2025 17:53:01,638970979200524126,58.891,2,"2.617,-74.615",ShieldGhost
10/26/2025 17:55:47,638970981402508158,4.404,1,"20.277,-105.082",Pause
10/26/2025 17:56:00,638970981402508158,17.14,1,"41.171,-77.555",ShieldGhost
10/26/2025 17:56:09,638970981402508158,26.68,1,"38.177,-65.732",ShieldGhost
10/26/2025 17:58:18,638970981402508158,155.077,4,"38.751,-80.242",ShieldGhost
10/26/2025 17:58:26,638970981402508158,162.745,4,"40.331,-71.779",Invincible
10/26/2025 17:58:30,638970981402508158,167.325,4,"31.900,-105.770",ShieldGhost
10/26/2025 17:59:03,638970981402508158,200.641,5,"-21.207,-92.322",ShieldGhost
10/26/2025 17:59:14,638970981402508158,211.244,5,"-3.368,-107.017",ShieldGhost
10/26/2025 17:59:22,638970981402508158,219.714,5,"4.747,-106.090",Invincible
10/26/2025 17:59:38,638970981402508158,234.829,5,"6.852,-108.330",ShieldGhost
10/26/2025 17:59:52,638970981402508158,248.787,6,"19.607,-106.516",ShieldGhost
10/26/2025 17:59:59,638970981402508158,256.292,6,"19.679,-108.330",Invincible
10/26/2025 18:00:06,638970981402508158,262.987,6,"-28.481,-99.586",ShieldGhost
10/26/2025 18:00:22,638970981402508158,279.28,6,"-27.414,-74.022",ShieldGhost
10/26/2025 18:00:36,638970981402508158,293.261,6,"-20.048,-104.859",ShieldGhost
10/26/2025 18:00:49,638970981402508158,306.591,6,"6.991,-64.585",Invincible
10/26/2025 18:01:06,638970981402508158,323.445,7,"-12.886,-108.330",ShieldGhost
10/26/2025 18:01:19,638970981402508158,336.372,7,"-22.609,-108.330",ShieldGhost
10/26/2025 18:01:27,638970981402508158,343.968,7,"-23.405,-105.443",ShieldGhost
10/26/2025 18:01:49,638970981402508158,366.33,7,"31.483,-75.241",ShieldGhost